latitude,longitude,soil_type,soil_ph,organic_matter_pct,nitrogen_pct,phosphorus_ppm,potassium_meq,cec,drainage,depth_cm
3.5863,8.6612,Loam,6.3,2.38,0.218,46.8,1.47,19.8,good,184
9.7279,15.3516,Sandy loam,5.1,5.73,0.166,10.1,0.26,29.6,poor,115
3.6422,15.974,Sandy loam,6.2,2.84,0.311,11.8,0.2,23.8,excessive,160
3.9727,9.0442,Silty clay,6.5,3.87,0.259,62.3,1.41,33.2,poor,86
2.9727,9.1169,Sandy loam,6.3,7.42,0.378,57.6,0.77,24.9,poor,165
9.6577,12.2904,Sandy loam,4.9,5.59,0.267,23.7,1.1,17.0,excessive,51
2.7341,12.0426,Clay,7.9,2.37,0.232,66.6,1.9,7.0,moderate,91
10.2465,10.9142,Laterite,4.4,6.17,0.246,20.5,1.46,12.7,moderate,139
8.9216,11.007,Clay,4.9,0.8,0.095,75.1,0.96,34.6,excessive,159
10.3659,13.6909,Silty clay,6.9,1.76,0.138,63.4,1.37,33.4,moderate,172
9.5435,14.3915,Clay,6.3,6.63,0.175,10.1,0.48,10.3,good,74
7.1959,15.2836,Sandy clay,5.2,4.38,0.411,70.3,0.63,23.3,excessive,80
4.8199,11.646,Clay,5.6,0.98,0.033,51.3,0.43,10.2,good,172
5.9398,10.2358,Sandy clay,7.0,5.37,0.482,35.2,0.15,34.6,moderate,110
3.3497,10.516,Laterite,6.5,3.96,0.352,19.5,1.21,20.9,poor,110
8.4599,15.115,Sandy loam,6.1,6.06,0.377,54.7,1.02,5.1,poor,143
3.3327,12.5733,Laterite,4.2,0.84,0.081,22.5,2.0,9.2,good,134
4.9832,13.6215,Loam,6.7,7.06,0.313,24.9,0.55,34.0,moderate,113
3.0756,12.1065,Laterite,5.9,6.04,0.498,42.2,1.57,34.8,moderate,153
2.3749,13.2681,Silty clay,7.5,5.9,0.391,65.8,0.14,37.5,poor,55
11.9685,13.0098,Silty clay,5.4,3.27,0.277,26.9,1.18,26.6,poor,121
10.0133,8.9934,Sandy clay,4.3,7.42,0.377,30.7,0.15,26.3,excessive,78
4.7393,8.9355,Loam,7.0,7.83,0.379,13.4,0.8,13.7,good,127
6.1142,12.6817,Sandy clay,6.5,2.81,0.344,56.3,1.99,21.8,poor,152
5.6162,14.9339,Sandy clay,4.7,3.85,0.321,15.7,0.2,18.9,excessive,71
5.8488,14.0874,Silty clay,6.1,0.67,0.461,69.6,0.24,13.9,excessive,180
8.8621,9.8532,Clay,7.9,3.66,0.358,43.3,0.69,29.4,good,87
7.2292,13.2685,Sandy loam,5.6,7.98,0.119,18.7,0.12,35.5,excessive,64
3.7284,10.3496,Silty clay,4.8,7.84,0.429,61.2,0.84,5.2,good,126
12.6464,10.0248,Laterite,4.3,3.35,0.154,75.8,0.15,39.3,excessive,97
8.4539,10.7487,Loam,7.5,3.63,0.276,15.7,1.77,35.7,poor,186
10.2683,13.945,Silty clay,4.8,3.82,0.064,49.4,0.5,15.4,poor,39
10.972,15.8884,Clay,5.5,6.46,0.083,44.7,1.15,36.1,poor,166
4.6553,8.9816,Silty clay,5.4,6.1,0.042,16.0,0.19,22.4,good,152
11.0749,10.4988,Sandy loam,4.1,1.82,0.06,46.5,1.05,13.6,poor,166
11.2648,11.5813,Sandy loam,7.9,2.25,0.319,64.7,0.46,32.8,good,71
11.7272,13.5079,Clay,7.6,3.44,0.213,6.4,1.62,6.2,poor,168
4.9027,13.1518,Silty clay,6.4,4.1,0.316,29.2,0.49,15.3,excessive,199
4.7231,11.7185,Silty clay,7.0,2.94,0.191,57.3,1.84,14.1,good,103
10.0921,13.1787,Sandy loam,6.1,0.64,0.203,20.4,0.37,14.6,good,129
9.1836,12.5384,Loam,5.7,1.59,0.394,41.1,1.33,6.3,good,188
11.8153,12.385,Laterite,5.4,6.7,0.41,21.5,0.81,26.2,excessive,179
12.9845,14.3984,Loam,4.2,6.02,0.256,6.4,0.96,16.5,excessive,73
3.1481,12.4993,Silty clay,7.8,7.06,0.289,20.5,0.32,28.9,good,155
6.3114,12.4143,Loam,7.1,5.02,0.057,79.0,0.37,39.3,good,163
7.5846,14.7915,Sandy loam,4.5,6.96,0.082,71.8,0.94,35.1,poor,181
5.0327,13.8116,Clay,7.1,4.25,0.435,56.2,0.7,37.5,moderate,66
5.7391,13.9824,Clay,6.8,1.49,0.225,48.1,0.45,8.5,excessive,179
8.0085,9.6494,Sandy clay,7.2,6.92,0.065,57.7,1.49,7.3,poor,65
8.5595,13.1631,Loam,6.0,5.67,0.139,24.6,1.86,28.8,moderate,193
6.3669,13.5374,Silty clay,7.0,2.77,0.269,13.6,1.24,29.1,excessive,50
10.1751,15.7037,Sandy clay,4.7,1.02,0.472,53.6,1.17,19.8,poor,114
6.8488,10.7273,Silty clay,6.5,0.62,0.281,9.4,1.48,38.7,good,97
4.0372,10.5582,Loam,6.2,4.17,0.412,14.4,1.15,37.3,poor,98
9.3376,10.5164,Sandy loam,4.3,3.64,0.244,15.0,1.01,28.7,excessive,157
7.2308,10.1999,Sandy loam,7.8,1.36,0.312,59.7,0.61,18.3,excessive,163
6.799,13.3524,Clay,6.0,1.93,0.448,32.3,0.83,33.0,poor,76
7.8901,10.2354,Laterite,7.7,6.54,0.308,43.4,1.38,17.6,moderate,193
9.6351,8.7872,Clay,5.6,5.13,0.318,10.4,1.47,8.0,moderate,165
10.1492,15.34,Silty clay,7.9,5.03,0.363,22.5,0.81,5.4,good,141
10.7775,13.6718,Silty clay,5.0,4.18,0.37,55.0,0.71,17.9,poor,50
3.6965,9.5322,Silty clay,5.6,4.1,0.476,42.9,0.46,10.9,moderate,186
5.7978,15.391,Sandy clay,7.2,4.2,0.479,21.2,0.93,5.0,poor,100
11.5334,9.6838,Loam,7.8,4.3,0.497,45.6,0.97,21.5,poor,35
11.1935,11.2177,Laterite,7.4,7.15,0.159,74.5,0.46,33.9,moderate,56
3.856,13.8829,Sandy clay,7.9,1.07,0.114,31.5,0.78,11.4,excessive,177
7.4656,14.4304,Clay,7.2,4.0,0.17,23.1,1.46,8.0,good,110
7.9983,12.5609,Sandy loam,4.5,4.03,0.14,17.5,0.26,11.8,excessive,138
9.094,13.97,Silty clay,4.9,4.8,0.198,45.6,0.57,6.6,moderate,86
5.5953,9.7051,Loam,6.9,5.98,0.055,34.8,0.28,30.0,poor,190
2.2018,11.7852,Laterite,4.6,5.49,0.123,35.5,0.11,39.6,good,159
10.295,9.733,Silty clay,5.8,4.24,0.128,11.4,1.18,34.2,poor,148
8.2899,13.2308,Laterite,6.4,3.92,0.091,20.2,0.72,15.3,poor,111
7.7375,11.6561,Sandy loam,6.5,6.8,0.044,39.7,0.51,36.9,moderate,131
7.989,15.1314,Clay,6.7,1.51,0.426,28.8,1.51,22.8,poor,61
10.0322,12.4567,Silty clay,7.7,4.33,0.049,38.9,1.94,32.6,moderate,179
8.947,9.6348,Clay,4.7,5.92,0.371,33.0,1.99,29.2,poor,93
11.8394,8.8474,Silty clay,6.5,6.12,0.403,55.4,1.25,31.1,moderate,176
2.4238,14.135,Sandy clay,5.3,6.21,0.393,25.7,1.46,16.5,good,64
9.9724,9.924,Laterite,4.3,4.91,0.113,72.1,0.4,26.2,good,119
9.6692,8.519,Clay,7.5,5.95,0.389,9.2,0.77,27.5,moderate,139
4.5181,14.7398,Clay,5.6,6.51,0.441,40.7,0.53,18.3,poor,165
7.4934,11.9147,Loam,4.0,1.13,0.239,37.8,1.79,14.7,poor,158
12.7511,15.7939,Laterite,4.8,0.68,0.115,36.5,0.8,21.6,poor,40
9.6102,12.3855,Loam,5.4,5.57,0.18,31.4,0.75,15.6,good,45
9.7056,9.8124,Sandy loam,7.1,7.42,0.153,57.8,1.25,15.5,good,84
4.6,15.5789,Laterite,6.8,5.33,0.499,31.5,0.53,16.5,excessive,82
3.8716,15.4373,Sandy clay,6.8,5.04,0.407,43.7,0.46,10.4,poor,117
7.7489,14.541,Laterite,4.9,5.79,0.14,37.5,0.22,22.6,excessive,82
3.8621,14.8322,Sandy clay,7.8,1.13,0.276,57.8,0.22,24.4,excessive,65
12.3037,12.4489,Sandy clay,6.5,2.96,0.315,71.6,0.73,32.0,poor,85
8.2775,10.4293,Laterite,5.6,3.18,0.245,13.5,0.39,18.2,good,160
8.1814,13.1346,Laterite,7.6,4.77,0.37,41.1,1.09,25.6,excessive,175
7.7435,10.8207,Sandy loam,7.9,5.14,0.186,64.9,0.41,39.7,moderate,120
10.6768,9.2311,Sandy loam,7.4,2.44,0.326,17.4,1.45,31.5,poor,31
11.3674,12.1585,Laterite,6.2,2.11,0.268,44.9,1.64,29.9,good,169
9.6812,8.7224,Loam,6.2,7.95,0.381,67.6,1.04,34.1,excessive,53
10.9865,12.4751,Loam,6.3,0.89,0.429,15.0,0.67,31.1,good,145
5.311,12.2914,Laterite,4.6,2.69,0.372,36.4,1.17,17.5,moderate,52
12.237,14.9216,Laterite,4.5,7.83,0.409,16.9,0.18,36.3,good,128
10.3353,10.5667,Sandy clay,7.8,7.3,0.122,34.9,0.19,15.8,moderate,179
7.4557,8.9757,Sandy clay,5.3,1.63,0.463,67.2,1.56,32.1,moderate,121
2.158,13.0181,Loam,6.4,7.94,0.324,53.8,0.82,22.5,poor,55
6.348,15.3359,Sandy clay,4.8,1.63,0.499,74.8,1.23,32.0,good,93
3.2208,14.2626,Sandy clay,5.9,6.7,0.267,59.5,0.74,30.6,poor,198
4.9907,15.6578,Sandy loam,6.7,4.09,0.311,51.2,1.72,24.5,moderate,150
8.1988,12.9005,Sandy clay,7.1,4.18,0.122,36.4,0.81,7.1,moderate,146
10.798,14.7722,Clay,5.1,2.93,0.174,43.8,0.99,36.0,moderate,169
7.4294,9.8343,Silty clay,7.0,7.01,0.313,62.3,0.53,36.5,excessive,196
2.8279,15.2437,Sandy clay,5.5,1.17,0.107,79.2,0.81,32.1,excessive,31
7.249,12.8255,Loam,6.5,5.02,0.499,46.4,1.28,17.2,moderate,105
4.6464,11.8675,Sandy loam,6.5,2.86,0.26,66.1,0.91,25.2,poor,126
12.1749,13.1741,Loam,5.2,4.77,0.433,16.5,1.66,8.5,good,47
12.529,9.6968,Laterite,5.9,7.63,0.12,53.1,1.5,6.3,excessive,49
8.5361,14.2001,Clay,7.9,1.54,0.435,52.2,1.48,30.9,poor,189
9.965,15.4233,Laterite,4.5,2.63,0.454,39.2,0.87,23.9,excessive,112
5.4164,12.9828,Laterite,7.5,3.47,0.12,16.7,1.43,7.6,moderate,115
2.8265,15.7097,Silty clay,6.7,1.92,0.324,48.4,1.58,19.8,good,134
2.1851,11.8012,Loam,6.8,7.68,0.423,6.7,0.56,24.2,poor,125
2.6086,12.9668,Clay,5.7,5.51,0.126,19.0,1.84,17.0,poor,78
12.6816,9.6976,Laterite,7.0,2.01,0.364,24.7,0.73,27.4,poor,64
2.3692,10.3492,Sandy clay,7.4,2.84,0.479,15.7,1.47,10.7,moderate,32
10.4015,10.0989,Loam,7.5,5.18,0.443,52.1,1.63,35.4,moderate,154
7.158,13.5507,Sandy clay,4.1,4.22,0.122,13.6,1.99,39.9,moderate,138
4.3421,15.2307,Sandy loam,7.6,7.82,0.208,74.9,1.59,30.7,poor,97
4.726,12.1784,Laterite,7.2,6.85,0.115,28.3,0.41,10.3,good,99
4.347,15.32,Sandy clay,5.5,4.23,0.026,61.5,0.65,29.6,poor,165
4.1875,11.3278,Silty clay,6.1,5.23,0.099,37.4,0.12,9.6,moderate,181
5.61,15.5263,Loam,7.5,4.43,0.31,26.6,1.37,13.3,moderate,35
2.0276,15.7243,Silty clay,5.5,4.42,0.068,44.5,1.81,35.7,excessive,177
8.3573,14.9255,Clay,5.5,1.94,0.222,65.7,1.44,18.5,excessive,156
5.7565,15.7324,Sandy clay,5.1,2.81,0.187,63.7,1.72,12.6,good,198
6.4811,14.9905,Silty clay,5.3,3.53,0.286,53.1,0.68,25.2,poor,175
9.9686,9.1757,Sandy loam,8.0,7.5,0.093,29.9,0.63,5.8,moderate,159
7.5217,9.6867,Silty clay,4.5,2.08,0.385,14.7,1.29,15.2,good,187
2.7524,15.8346,Silty clay,6.6,2.03,0.263,34.1,0.43,38.6,excessive,99
11.4525,11.2693,Loam,7.2,1.92,0.056,44.5,0.85,7.4,good,58
8.9354,14.6472,Laterite,6.1,0.9,0.201,23.8,0.38,22.5,moderate,114
2.719,8.9737,Silty clay,7.1,3.71,0.377,29.5,0.77,20.0,excessive,64
5.3494,12.6928,Sandy clay,4.3,4.68,0.363,79.4,1.31,29.8,poor,146
8.5472,15.6322,Loam,7.2,5.11,0.18,29.3,1.53,37.5,moderate,35
12.8418,10.4675,Laterite,6.4,5.77,0.218,13.2,0.64,23.0,excessive,171
3.2651,10.8473,Silty clay,5.0,3.16,0.35,40.7,0.81,14.6,poor,57
9.5752,13.5582,Sandy clay,5.8,2.59,0.408,68.9,1.71,18.7,good,38
4.7958,14.8453,Sandy loam,7.9,1.95,0.326,29.7,1.02,25.0,good,83
7.9254,14.2125,Silty clay,7.9,1.15,0.348,44.2,0.85,28.2,poor,159
11.7476,13.0796,Sandy clay,7.3,2.71,0.23,18.1,1.19,30.9,moderate,170
8.3725,15.3402,Sandy clay,7.4,3.68,0.295,53.5,1.63,7.6,excessive,196
10.8816,8.9998,Laterite,6.9,3.99,0.134,58.0,1.75,34.0,good,161
4.1354,13.0308,Sandy loam,6.7,0.89,0.178,12.8,0.89,30.5,moderate,84
10.858,14.2243,Sandy clay,5.1,1.62,0.439,60.7,1.54,14.5,good,151
8.2936,15.2343,Sandy clay,7.3,2.51,0.476,33.4,1.19,30.6,poor,94
4.7597,11.451,Clay,7.7,1.07,0.03,77.4,1.76,33.0,moderate,32
5.6687,11.3245,Silty clay,7.6,7.81,0.049,40.1,0.86,30.8,poor,189
7.4276,9.0894,Clay,4.7,2.81,0.398,63.0,1.57,32.2,good,79
6.5809,13.1106,Silty clay,4.6,2.18,0.175,43.5,0.45,35.6,excessive,35
8.8345,12.5276,Sandy loam,4.1,4.72,0.46,21.8,0.52,37.0,moderate,131
11.1597,13.604,Sandy loam,6.9,0.94,0.385,60.8,0.19,32.6,good,97
9.0497,12.7851,Sandy loam,6.1,4.35,0.132,5.2,1.92,21.1,poor,97
2.4782,10.9836,Clay,5.5,7.03,0.184,70.9,0.94,10.8,moderate,89
5.1446,14.8588,Clay,4.6,5.11,0.368,28.4,1.63,16.0,poor,197
4.9926,9.0632,Loam,6.3,4.49,0.338,40.1,0.49,8.6,excessive,148
7.4917,12.5295,Sandy loam,7.7,4.21,0.468,52.7,0.39,8.0,poor,98
12.5774,10.0284,Loam,5.4,0.77,0.152,76.7,0.27,36.5,poor,35
2.7206,13.382,Clay,6.0,5.98,0.393,55.8,0.47,27.2,excessive,181
8.7972,14.8782,Laterite,4.5,5.03,0.119,54.8,1.08,11.6,good,55
3.3551,13.7392,Silty clay,7.3,3.28,0.319,65.4,1.47,30.5,moderate,70
8.1354,9.5259,Loam,7.8,2.8,0.075,69.8,1.78,35.7,good,91
7.6813,10.8185,Silty clay,7.2,7.46,0.025,72.9,0.55,32.8,poor,45
10.914,12.7134,Silty clay,5.8,2.18,0.135,42.3,0.37,28.7,excessive,187
2.349,8.7011,Loam,6.0,2.49,0.249,46.8,0.69,35.8,poor,192
7.4576,14.667,Sandy loam,7.6,7.17,0.052,8.4,1.22,19.4,moderate,100
10.4891,15.6523,Silty clay,4.3,5.23,0.31,70.2,0.7,23.0,excessive,37
12.3477,15.9668,Silty clay,6.3,2.06,0.401,33.1,1.83,32.8,excessive,68
12.3373,10.1113,Laterite,5.7,2.37,0.471,60.1,0.15,14.8,excessive,95
10.1133,13.6087,Silty clay,4.2,3.39,0.401,30.4,0.56,29.9,excessive,82
9.1837,8.6895,Sandy loam,7.6,4.15,0.432,34.3,0.81,9.3,moderate,125
10.7766,8.5309,Clay,5.2,1.04,0.362,58.8,0.7,29.6,excessive,106
4.7323,10.8546,Sandy loam,7.2,6.04,0.391,13.5,0.35,15.6,moderate,104
3.1379,12.4096,Clay,6.1,3.11,0.219,12.5,1.39,14.3,good,195
10.5493,14.2824,Laterite,6.4,3.79,0.119,75.3,1.8,31.3,moderate,74
12.1006,15.2443,Sandy clay,6.1,2.07,0.118,42.3,1.48,19.2,poor,57
6.4417,9.0465,Silty clay,7.1,1.79,0.451,18.1,1.51,31.1,poor,39
11.4785,12.4096,Sandy loam,5.6,1.23,0.421,36.3,1.98,15.5,good,127
6.8188,11.6235,Silty clay,5.9,2.17,0.151,39.5,1.56,31.1,excessive,55
4.0294,12.4858,Laterite,6.1,4.78,0.171,58.9,0.63,16.5,excessive,85
4.1086,9.7042,Clay,7.5,3.45,0.383,61.9,1.18,33.9,excessive,33
2.0095,9.7131,Sandy loam,7.4,7.53,0.265,57.0,0.4,28.5,excessive,144
9.1429,9.3221,Laterite,7.1,0.75,0.49,77.5,1.6,22.0,moderate,44
5.2791,11.0429,Sandy loam,4.4,5.94,0.481,22.9,1.96,20.9,poor,38
3.5419,14.2908,Silty clay,7.3,3.03,0.484,45.2,0.16,17.1,good,90
10.4253,9.9909,Sandy clay,4.5,5.1,0.163,51.0,0.7,32.0,excessive,64
6.6376,15.8964,Clay,5.5,1.6,0.325,59.6,0.75,31.1,good,80
5.7563,9.2287,Sandy clay,4.3,4.07,0.492,44.9,1.11,35.2,poor,32
12.4206,9.8195,Loam,4.5,5.62,0.314,30.9,1.8,24.0,excessive,151
3.905,11.421,Silty clay,7.5,0.64,0.422,76.4,0.8,15.0,good,37
3.8235,8.8001,Clay,6.7,1.78,0.45,39.2,1.95,39.3,poor,156
10.8059,11.7982,Sandy loam,5.8,7.63,0.369,35.0,1.74,14.5,moderate,115
12.3051,10.3187,Silty clay,6.9,5.35,0.301,40.1,1.16,29.2,poor,36
8.9672,10.5742,Sandy clay,5.1,5.37,0.093,78.1,1.71,20.9,moderate,187
7.775,11.157,Sandy clay,4.6,4.94,0.495,17.2,1.12,38.6,poor,78
12.8054,12.1444,Clay,4.3,2.38,0.358,10.2,1.31,20.8,excessive,73
3.9876,9.2468,Sandy loam,6.7,1.82,0.271,42.0,1.38,20.1,poor,57
12.0694,14.8932,Sandy loam,7.3,2.58,0.493,44.3,1.96,34.4,excessive,174
11.5141,13.7935,Clay,4.7,7.69,0.212,75.8,1.77,33.8,excessive,49
2.0894,12.8247,Laterite,5.0,7.1,0.357,53.7,1.82,15.3,excessive,156
3.1866,10.7903,Sandy loam,4.7,2.39,0.292,39.2,1.96,19.6,moderate,60
3.6698,15.0616,Clay,5.1,1.31,0.336,24.2,0.13,28.2,good,110
2.7964,8.5169,Laterite,6.7,3.9,0.406,17.3,1.07,9.1,good,134
6.5069,11.1728,Clay,6.6,5.18,0.144,8.8,0.3,37.0,excessive,58
9.9923,15.5681,Silty clay,6.5,7.09,0.391,23.4,1.52,26.3,moderate,170
3.8679,9.2058,Clay,5.5,4.89,0.287,41.1,1.01,5.6,excessive,31
2.2374,11.5583,Sandy clay,6.1,5.57,0.339,78.9,0.84,9.4,good,108
5.3107,14.2492,Sandy loam,5.0,6.63,0.407,40.2,1.49,33.0,excessive,43
9.9894,10.8456,Sandy loam,4.7,1.39,0.482,12.1,0.94,8.6,moderate,107
10.7428,12.6485,Loam,4.7,7.7,0.427,14.5,1.65,34.6,moderate,77
10.4898,11.1336,Loam,5.0,4.44,0.248,48.8,0.89,12.4,moderate,53
8.2723,12.5319,Laterite,7.6,5.26,0.389,37.0,1.66,15.8,excessive,33
12.7569,14.6176,Sandy loam,4.0,6.63,0.278,48.5,2.0,30.1,good,76
3.4333,14.1555,Sandy loam,4.8,7.51,0.147,39.6,1.64,38.7,good,51
3.7282,9.0178,Sandy loam,7.2,6.97,0.309,17.8,0.4,21.1,poor,179
4.1329,11.101,Loam,7.2,1.29,0.166,34.7,0.53,29.8,good,144
7.1568,15.5997,Sandy clay,5.4,7.44,0.293,45.4,0.55,38.2,moderate,126
5.5017,12.5997,Silty clay,7.8,6.88,0.168,65.4,1.39,6.2,poor,83
7.4215,11.6682,Laterite,6.6,5.77,0.358,39.5,1.9,7.5,moderate,137
9.1372,11.7933,Laterite,4.9,1.53,0.242,27.9,0.52,6.3,good,110
5.4408,15.4895,Clay,6.2,2.31,0.488,53.8,1.06,37.7,moderate,63
10.5914,12.4931,Sandy clay,4.0,3.61,0.404,26.4,0.2,26.3,excessive,50
11.8953,15.9159,Laterite,4.5,7.72,0.204,60.9,0.49,28.5,excessive,184
9.3863,10.6166,Loam,5.8,3.61,0.334,78.3,1.18,24.1,poor,64
5.7184,13.5835,Loam,7.4,1.24,0.136,49.5,0.26,17.2,good,121
7.2746,14.5435,Silty clay,6.1,3.35,0.091,20.2,1.08,33.2,good,58
6.3898,10.2086,Sandy clay,5.5,0.91,0.275,10.6,1.71,31.7,poor,63
9.7367,15.5881,Clay,7.6,0.52,0.394,48.9,0.93,15.1,poor,177
4.1576,15.1176,Laterite,5.5,3.86,0.362,63.9,1.29,19.7,poor,111
2.705,13.0877,Silty clay,7.4,0.84,0.19,23.6,1.13,5.4,poor,73
11.7083,14.4375,Sandy clay,4.4,7.19,0.388,76.7,0.59,34.9,excessive,103
3.6017,13.7221,Laterite,4.3,5.86,0.093,60.1,0.94,9.7,excessive,95
8.2848,8.6853,Sandy clay,4.9,2.69,0.496,64.6,0.69,17.8,excessive,161
6.8215,14.4164,Laterite,6.7,4.56,0.235,24.1,0.96,32.2,excessive,62
6.9247,12.4292,Sandy loam,5.4,4.14,0.385,74.2,1.04,10.2,excessive,127
10.5169,14.191,Clay,6.7,4.87,0.174,61.1,1.97,21.4,poor,158
3.7908,10.1872,Silty clay,5.0,5.27,0.388,31.2,1.49,8.1,good,109
11.8684,9.0077,Sandy clay,7.2,5.83,0.33,9.6,1.09,9.3,good,36
6.8336,9.7725,Silty clay,4.6,4.79,0.156,62.8,0.58,16.8,moderate,142
8.5091,8.5625,Laterite,7.4,1.19,0.033,63.0,1.62,27.3,poor,174
11.147,15.3795,Clay,4.9,3.87,0.214,17.6,0.6,19.3,poor,155
3.1174,14.1757,Loam,6.4,7.42,0.035,53.8,1.59,22.9,moderate,51
12.6239,8.7875,Sandy clay,6.1,2.85,0.487,76.8,0.28,18.8,good,41
4.4272,14.7245,Clay,7.6,7.14,0.191,27.7,1.38,37.6,excessive,176
2.6791,8.931,Laterite,5.6,3.64,0.257,42.4,0.98,32.4,moderate,130
10.4127,14.1302,Silty clay,5.3,0.64,0.415,74.5,1.19,9.2,moderate,80
3.7374,14.9258,Loam,6.7,2.35,0.11,26.9,0.69,33.6,moderate,101
11.8689,10.3875,Silty clay,4.8,4.65,0.292,22.0,1.65,37.2,good,160
2.8951,14.1957,Sandy clay,6.0,1.97,0.226,43.0,1.21,6.2,good,144
9.6624,12.3149,Clay,6.6,6.87,0.291,72.2,1.61,27.0,moderate,60
8.3959,11.7413,Sandy loam,7.5,3.6,0.03,7.5,1.86,9.2,excessive,111
10.6562,14.8746,Loam,6.2,6.8,0.071,79.9,1.23,34.9,excessive,77
5.0056,10.8344,Sandy loam,4.6,5.87,0.031,13.1,0.43,29.2,poor,73
9.1986,13.1613,Clay,5.6,7.51,0.482,32.7,1.1,29.3,moderate,81
4.9472,14.2219,Laterite,7.1,4.26,0.22,53.1,0.13,35.0,excessive,67
11.5104,12.2889,Clay,4.1,3.29,0.238,68.0,0.17,22.8,good,114
7.0549,10.1627,Clay,5.0,4.86,0.485,64.5,1.05,25.1,moderate,85
8.3156,13.7612,Clay,5.3,5.57,0.142,65.2,1.89,24.6,poor,35
2.7861,13.8386,Clay,7.7,7.58,0.457,47.3,1.84,14.4,excessive,93
3.5824,12.0745,Loam,4.1,1.08,0.309,57.8,0.36,16.9,excessive,146
10.8858,10.0071,Sandy loam,7.6,4.71,0.305,16.3,0.22,17.7,poor,186
3.043,9.2484,Clay,7.8,1.01,0.231,61.7,0.64,22.4,poor,162
5.9603,13.8502,Silty clay,6.4,2.82,0.323,5.2,1.37,32.4,poor,61
2.0757,13.455,Loam,6.2,2.62,0.115,76.8,1.02,21.0,poor,133
11.3127,11.3704,Clay,7.2,4.76,0.121,31.3,0.14,20.4,poor,178
12.3031,13.2397,Clay,6.3,7.02,0.079,64.7,1.43,23.5,excessive,175
6.2365,8.766,Laterite,6.5,4.77,0.157,25.6,0.78,20.2,moderate,90
10.1191,12.3424,Sandy loam,4.6,7.19,0.25,72.3,1.26,24.9,excessive,81
5.6763,15.7844,Sandy clay,7.9,3.22,0.399,25.2,1.27,28.5,excessive,188
12.8285,10.6617,Clay,6.8,2.34,0.037,26.4,1.59,37.8,excessive,32
2.2874,9.3405,Silty clay,5.5,3.89,0.466,6.6,1.71,23.0,good,106
4.3622,9.9708,Silty clay,4.2,2.35,0.488,64.8,1.93,10.4,poor,170
8.0407,15.4908,Sandy clay,6.6,0.65,0.053,36.6,0.83,36.1,excessive,96
10.5828,9.4911,Sandy clay,4.4,7.0,0.236,17.7,1.81,30.2,moderate,40
3.8032,13.0471,Clay,5.9,2.42,0.304,38.0,1.17,15.3,poor,182
9.9773,11.6997,Silty clay,7.3,5.06,0.137,30.6,0.64,17.6,good,86
3.8865,12.067,Sandy loam,4.2,3.11,0.225,62.3,1.74,32.1,excessive,60
2.9013,13.4641,Clay,7.4,4.47,0.469,71.3,1.77,38.7,moderate,144
10.419,13.6443,Clay,7.0,3.18,0.024,8.3,1.72,19.4,poor,163
5.9865,13.0953,Clay,4.6,4.58,0.421,36.9,1.08,10.8,good,53
10.1062,12.7145,Laterite,6.2,2.19,0.46,30.8,1.93,17.0,good,96
11.9034,12.6889,Loam,4.3,7.66,0.18,66.0,1.17,13.5,moderate,176
3.5429,10.2585,Loam,6.2,4.31,0.15,16.8,0.77,10.6,moderate,34
7.568,11.7513,Sandy loam,5.8,2.46,0.065,49.0,1.95,28.4,good,200
11.7677,9.2228,Clay,4.2,6.25,0.238,67.0,1.01,7.6,poor,122
6.9914,13.4956,Sandy loam,6.1,2.13,0.464,54.9,1.1,21.6,good,91
8.7378,11.9844,Loam,5.2,3.41,0.112,62.1,1.63,30.7,excessive,135
7.0954,10.1114,Clay,7.9,6.28,0.392,51.8,0.64,11.4,excessive,112
3.2311,13.1749,Sandy clay,4.7,3.31,0.413,26.7,0.6,30.1,good,102
7.7278,12.7177,Silty clay,4.5,2.64,0.197,77.7,0.18,34.9,good,133
3.3774,15.908,Sandy clay,4.8,2.67,0.418,31.9,1.33,25.4,excessive,67
9.5492,14.6753,Laterite,5.2,7.05,0.488,55.5,1.18,39.4,poor,54
3.008,11.3846,Clay,4.9,1.11,0.435,30.7,0.36,18.4,moderate,98
6.1779,9.4462,Laterite,6.1,1.27,0.117,59.2,0.68,27.6,poor,65
4.3174,12.4687,Laterite,4.4,0.82,0.284,63.4,1.44,32.1,poor,159
7.3315,13.7239,Sandy loam,4.3,6.76,0.183,70.5,1.2,8.5,moderate,197
6.6072,14.5342,Sandy loam,5.0,1.87,0.028,56.6,0.81,11.1,excessive,182
8.6097,9.5782,Loam,6.9,4.87,0.139,70.6,1.16,9.5,poor,68
9.9065,10.8588,Sandy clay,7.1,3.51,0.056,52.3,0.69,38.0,moderate,38
11.1291,11.154,Silty clay,4.1,4.53,0.33,56.2,0.76,10.0,good,158
8.1535,12.156,Clay,8.0,4.81,0.107,32.1,1.11,34.3,excessive,97
7.2904,14.5034,Laterite,4.6,3.37,0.269,6.8,1.54,34.1,good,64
5.5654,15.686,Sandy clay,6.9,6.72,0.334,66.4,1.97,34.7,moderate,121
7.2102,13.2716,Laterite,6.3,4.31,0.39,37.9,0.69,6.5,moderate,135
2.9675,10.162,Loam,4.6,0.71,0.354,62.0,0.77,39.5,moderate,86
8.4679,9.2501,Loam,5.5,4.87,0.479,56.2,0.12,28.4,excessive,34
9.2053,14.9634,Clay,4.5,6.55,0.44,65.2,0.88,29.2,good,52
10.9921,15.6,Sandy loam,5.3,2.05,0.383,12.3,1.17,35.1,poor,173
4.4516,11.4102,Sandy loam,7.3,4.27,0.105,11.3,1.16,5.8,good,57
5.7392,13.0904,Silty clay,4.0,7.01,0.479,35.8,0.18,14.8,poor,137
9.2934,8.8205,Clay,7.4,6.52,0.242,62.8,0.42,38.5,moderate,191
7.476,15.8885,Loam,6.1,5.82,0.404,64.3,1.5,9.8,good,174
6.497,12.5633,Clay,6.8,3.47,0.287,36.8,1.46,7.8,good,200
9.8562,14.7902,Sandy clay,4.1,4.51,0.14,37.4,1.52,32.1,poor,38
6.4178,9.1866,Clay,6.4,2.59,0.076,28.6,1.2,36.8,excessive,184
4.3706,14.2295,Sandy loam,7.4,1.61,0.023,75.9,0.29,10.6,moderate,44
6.4859,10.7128,Loam,7.9,6.69,0.332,7.0,0.56,11.8,excessive,134
4.8693,15.62,Clay,5.6,7.05,0.247,54.8,1.89,25.4,poor,51
5.9231,12.0459,Sandy loam,5.9,6.5,0.181,8.2,1.38,34.9,moderate,163
7.5141,9.5498,Sandy loam,4.6,7.19,0.055,42.7,0.73,14.6,excessive,52
3.8942,10.748,Clay,6.9,4.98,0.06,61.5,0.77,12.6,poor,74
10.992,13.2694,Sandy loam,6.9,2.79,0.379,25.7,1.39,12.6,moderate,175
8.9725,11.9237,Laterite,4.6,4.95,0.026,56.8,1.9,36.4,excessive,47
12.7282,11.7867,Loam,7.3,1.56,0.028,16.9,0.94,10.7,poor,62
6.996,10.2681,Clay,4.9,7.4,0.27,55.6,0.86,10.8,good,166
9.8563,11.8267,Laterite,7.4,1.11,0.204,17.1,1.42,16.8,good,32
6.5791,11.1213,Sandy clay,7.4,4.73,0.36,60.6,1.44,38.1,excessive,141
9.1756,13.3667,Loam,7.2,0.62,0.048,23.6,0.44,10.4,moderate,96
8.0782,9.9702,Loam,7.9,1.88,0.1,48.0,0.44,28.3,excessive,41
11.4428,11.7683,Loam,5.4,5.67,0.407,27.7,1.64,31.8,moderate,66
7.3118,11.9351,Sandy clay,4.4,1.16,0.379,48.9,1.03,6.6,excessive,86
2.6147,15.4061,Laterite,6.6,3.39,0.356,24.3,0.88,21.2,good,128
2.3386,15.9456,Clay,5.5,7.75,0.331,74.7,0.2,38.6,poor,189
6.4776,9.5255,Clay,6.7,6.22,0.332,45.5,1.65,29.0,good,90
8.8039,10.8764,Clay,7.5,5.69,0.452,50.5,1.62,36.0,good,157
7.958,13.8629,Laterite,6.3,5.9,0.271,65.0,1.63,6.6,moderate,109
4.24,9.9513,Sandy clay,5.3,4.07,0.373,27.5,1.34,35.1,moderate,96
6.9226,13.4298,Sandy loam,7.4,5.94,0.07,16.4,0.26,14.9,good,172
2.0437,13.0725,Sandy clay,4.1,3.87,0.257,53.4,0.55,35.4,poor,155
7.5465,13.6761,Sandy clay,5.4,2.5,0.3,72.1,1.46,29.5,moderate,71
7.433,8.5519,Loam,7.5,2.31,0.248,19.5,1.65,6.2,poor,62
9.22,8.8645,Sandy clay,7.7,0.91,0.447,23.9,1.34,27.3,moderate,130
11.3688,11.5213,Sandy clay,6.1,3.39,0.335,28.3,1.32,31.4,poor,160
3.4293,11.3479,Sandy clay,4.1,1.18,0.043,57.9,1.96,26.4,excessive,129
5.7333,14.2927,Loam,6.0,1.54,0.45,14.4,1.96,17.7,excessive,69
9.997,15.6952,Sandy loam,6.4,7.82,0.106,9.3,1.32,8.7,good,49
7.5601,14.3287,Silty clay,7.3,4.72,0.243,11.9,1.39,31.1,excessive,134
6.2926,12.5359,Silty clay,5.0,3.41,0.305,61.9,0.21,22.3,excessive,160
2.7832,15.2577,Loam,6.6,4.1,0.04,44.6,1.3,19.7,good,151
5.19,15.6872,Sandy clay,4.8,7.78,0.026,44.0,0.76,14.7,poor,199
5.8798,13.1182,Sandy loam,5.6,1.84,0.321,76.2,1.96,33.8,poor,193
3.9831,10.008,Sandy loam,4.0,6.51,0.101,76.4,0.96,6.6,good,33
9.0759,9.3282,Clay,6.6,5.62,0.044,70.8,0.83,16.3,excessive,57
9.2171,15.5183,Silty clay,7.9,6.74,0.389,45.9,1.13,26.4,good,158
12.8154,8.7528,Silty clay,5.9,2.08,0.311,48.8,1.88,17.2,excessive,107
10.5528,13.9366,Sandy loam,5.8,4.45,0.242,75.1,0.31,25.7,moderate,90
6.2198,9.2128,Loam,5.0,5.1,0.379,43.4,1.06,27.6,good,83
3.6357,9.8437,Loam,7.8,7.72,0.393,64.3,0.28,18.0,poor,108
6.998,9.5747,Laterite,4.1,2.16,0.484,74.5,0.54,37.9,excessive,126
5.7446,14.1778,Silty clay,5.5,0.86,0.483,25.3,0.2,39.8,moderate,58
9.0453,11.8424,Sandy loam,7.3,5.9,0.225,16.1,1.36,36.1,poor,116
7.6754,12.6923,Laterite,7.4,7.59,0.28,8.4,0.39,38.2,excessive,94
11.1627,13.2603,Silty clay,5.9,3.58,0.041,70.2,0.81,23.2,good,71
7.9187,14.7899,Loam,4.8,4.06,0.479,58.2,0.86,27.1,good,177
8.4684,12.5887,Sandy loam,6.1,5.89,0.443,35.8,1.95,19.1,poor,132
9.4451,10.5269,Laterite,7.0,3.41,0.203,20.1,0.23,17.2,good,102
8.5981,8.8444,Laterite,4.8,2.34,0.11,12.7,0.45,37.7,poor,61
10.6154,15.4091,Clay,7.6,3.5,0.197,63.3,1.81,31.3,excessive,80
8.3958,12.6782,Silty clay,5.9,3.91,0.047,21.2,0.37,21.4,poor,165
5.1785,11.3374,Sandy loam,7.9,6.23,0.087,65.7,0.94,34.9,excessive,93
10.3569,12.3897,Clay,6.9,7.53,0.278,16.2,1.18,6.6,excessive,89
6.9916,10.173,Loam,6.6,3.49,0.267,71.9,0.97,39.9,moderate,116
3.5017,14.9299,Laterite,5.5,6.46,0.259,44.2,1.11,13.5,good,158
2.5871,13.3999,Silty clay,4.1,5.95,0.175,34.7,1.53,10.3,moderate,46
9.1448,12.7949,Silty clay,5.7,5.19,0.193,24.8,0.27,25.7,good,180
12.5614,14.5425,Sandy clay,4.4,2.15,0.332,5.2,1.17,39.1,poor,133
5.8733,15.2015,Sandy clay,4.4,0.85,0.187,48.4,1.69,11.5,good,34
4.8771,12.0912,Loam,5.4,0.53,0.179,24.6,1.06,9.1,poor,55
9.5357,10.7054,Clay,4.9,2.78,0.24,71.6,1.41,11.2,moderate,53
9.3992,9.6485,Sandy loam,5.3,3.97,0.325,40.3,1.21,28.9,good,109
12.5789,15.2935,Sandy loam,6.0,6.07,0.231,77.5,0.25,12.2,good,51
4.8439,10.6146,Laterite,5.1,5.03,0.449,10.0,1.68,15.5,moderate,93
8.4824,13.4406,Clay,6.2,1.21,0.252,9.7,0.1,12.1,poor,132
5.272,13.6489,Clay,5.5,4.17,0.307,7.6,0.76,19.9,good,186
4.8784,11.3189,Laterite,6.0,4.91,0.159,57.3,1.73,9.7,excessive,31
5.1923,11.0967,Sandy loam,4.4,5.09,0.121,73.0,0.36,30.4,excessive,66
9.2312,12.0141,Clay,6.1,1.7,0.034,75.7,0.17,25.2,excessive,43
10.9483,8.5386,Clay,5.5,2.79,0.12,17.4,0.82,10.0,moderate,71
4.147,12.6033,Clay,5.0,1.08,0.435,37.5,1.68,6.8,moderate,56
9.0066,14.6389,Silty clay,6.8,6.82,0.074,17.9,0.4,27.2,excessive,170
12.9704,11.6135,Silty clay,7.7,7.19,0.41,41.0,0.7,7.0,poor,50
7.2688,15.0521,Clay,5.9,0.51,0.402,14.7,0.41,13.2,good,38
4.1374,13.8749,Clay,7.8,1.38,0.207,50.1,1.0,17.2,moderate,106
4.4592,12.6464,Sandy clay,6.0,7.94,0.243,71.3,1.89,16.5,poor,91
5.2893,15.5659,Clay,6.3,1.94,0.143,6.5,0.71,26.7,excessive,55
5.4291,10.2139,Silty clay,4.2,6.85,0.331,73.1,0.14,37.3,excessive,196
7.7573,9.5146,Silty clay,5.0,1.59,0.129,24.7,1.21,14.1,excessive,41
7.4058,13.3156,Laterite,7.1,7.12,0.096,53.3,0.31,13.2,poor,191
8.2704,15.605,Sandy clay,6.4,7.07,0.342,61.2,0.52,22.0,moderate,120
10.8485,13.4539,Laterite,4.1,5.51,0.112,74.8,1.87,34.6,poor,159
4.1484,9.356,Loam,7.6,4.12,0.441,69.2,1.73,13.1,poor,178
9.2475,15.5415,Laterite,5.3,5.45,0.196,24.8,1.65,11.6,good,192
3.1936,10.5596,Sandy clay,5.8,6.5,0.132,73.0,1.14,30.0,good,123
4.7626,14.8224,Clay,4.1,2.08,0.394,9.9,1.23,30.3,poor,49
8.3022,9.2604,Sandy loam,6.4,5.08,0.253,32.3,0.56,7.7,excessive,117
2.3873,14.4361,Sandy loam,6.1,1.61,0.065,11.8,0.37,6.0,good,165
10.4155,11.251,Sandy loam,5.2,3.96,0.169,57.3,0.67,26.7,poor,35
6.1172,11.5688,Sandy clay,7.1,4.39,0.215,29.6,1.35,26.9,moderate,172
2.9165,13.56,Silty clay,5.8,7.8,0.245,75.8,1.63,38.9,excessive,163
4.2649,10.9924,Laterite,6.4,1.23,0.361,25.2,0.38,7.1,poor,150
6.5654,9.4547,Sandy loam,6.0,3.57,0.438,10.5,1.73,30.0,excessive,183
9.1062,15.8145,Clay,4.2,4.18,0.37,45.1,0.71,5.9,moderate,149
9.1731,14.9914,Clay,6.9,0.88,0.356,60.3,1.36,25.6,excessive,57
9.7157,12.8211,Sandy clay,5.9,4.52,0.055,44.4,1.44,22.3,poor,171
8.1268,14.2303,Laterite,4.6,6.12,0.199,63.9,0.52,32.8,poor,187
10.7064,10.9095,Sandy clay,7.2,1.43,0.409,16.0,1.97,25.6,moderate,63
10.5986,12.7256,Sandy loam,6.3,4.12,0.086,25.4,1.88,18.0,excessive,94
2.6186,14.4803,Sandy clay,6.9,2.81,0.198,41.8,0.37,39.7,excessive,60
6.1579,14.9335,Silty clay,7.3,2.49,0.058,38.6,0.52,18.3,moderate,154
12.1064,12.8876,Loam,5.7,4.95,0.07,62.0,1.18,38.9,moderate,40
6.3372,9.9024,Sandy clay,4.7,6.93,0.241,26.9,1.6,30.8,excessive,173
12.0133,14.9959,Clay,4.4,1.79,0.241,72.1,1.52,9.6,poor,76
4.0867,11.9809,Loam,6.8,1.97,0.06,6.4,0.35,19.3,poor,170
11.5102,8.805,Loam,6.7,1.5,0.256,26.6,1.69,28.2,good,149
5.2654,12.2742,Silty clay,7.0,7.0,0.317,51.1,0.3,23.2,poor,33
10.9679,13.6183,Sandy loam,4.2,5.75,0.213,56.3,1.64,11.1,good,105
11.5769,9.9594,Sandy loam,5.1,5.6,0.369,36.9,0.31,37.1,moderate,84
5.8135,15.7543,Sandy clay,7.4,2.72,0.379,25.5,0.15,14.2,moderate,71
3.7615,10.8088,Clay,5.9,1.63,0.066,43.1,0.76,20.6,excessive,179
12.8934,11.1377,Clay,6.4,4.13,0.374,78.9,1.09,17.3,excessive,184
3.7874,14.5927,Laterite,4.3,4.86,0.387,19.4,1.01,18.9,excessive,171
4.3143,15.1151,Loam,6.1,6.92,0.429,78.5,1.85,30.6,excessive,96
9.4296,9.7303,Sandy clay,5.7,4.73,0.05,16.6,1.32,10.1,excessive,35
5.7225,8.7796,Sandy clay,4.7,4.66,0.328,12.7,0.56,18.8,excessive,121
9.5065,9.0626,Clay,5.8,6.03,0.087,45.9,0.94,18.7,excessive,188
12.2727,11.4667,Laterite,5.8,0.97,0.195,44.3,0.12,6.7,poor,92
4.6293,14.0674,Silty clay,7.1,6.51,0.295,67.7,0.36,37.3,good,66
10.869,12.9967,Clay,6.3,1.34,0.404,42.4,1.66,16.0,good,44
2.5605,12.2917,Laterite,7.5,1.17,0.218,67.6,0.53,14.2,poor,134
8.835,14.9847,Loam,6.3,1.26,0.466,45.1,0.75,31.4,moderate,129
9.6032,10.7978,Clay,7.4,1.13,0.442,12.6,0.17,35.3,poor,152
2.725,15.9362,Clay,4.3,6.71,0.483,48.0,0.42,10.7,moderate,80
10.3629,9.0049,Loam,6.7,2.66,0.465,46.5,0.52,34.6,poor,196
12.8157,14.0828,Silty clay,6.8,6.93,0.03,71.7,0.57,25.7,good,70
6.9197,11.7508,Loam,5.8,5.63,0.344,33.2,1.99,38.8,moderate,58
3.7294,13.6588,Silty clay,6.0,2.53,0.408,21.8,1.37,30.8,moderate,177
6.4295,8.7837,Sandy loam,5.3,6.57,0.343,41.4,1.45,12.6,good,168
12.1848,14.7953,Loam,4.1,5.52,0.153,42.2,0.47,30.7,poor,86
2.4937,12.6517,Clay,4.4,2.81,0.113,37.5,1.01,28.1,poor,107
6.9466,13.9351,Clay,7.2,7.95,0.079,35.7,0.58,30.4,excessive,183
7.6728,9.335,Clay,4.3,4.26,0.188,44.5,0.57,18.6,poor,110
12.7138,10.3086,Sandy loam,4.1,7.42,0.406,39.1,1.11,16.7,poor,67
3.5743,10.5102,Clay,5.4,4.67,0.156,29.2,1.14,14.9,good,48
12.6912,11.8477,Sandy clay,7.2,5.6,0.085,63.6,0.57,36.2,excessive,123
9.9405,13.879,Laterite,5.2,3.45,0.371,32.3,0.96,24.6,excessive,104
5.2816,14.2247,Sandy clay,5.1,0.9,0.398,32.8,1.71,26.8,moderate,89
11.1412,11.3612,Laterite,6.2,0.59,0.143,70.6,0.94,27.3,good,89
5.0788,14.8943,Loam,6.4,7.31,0.137,59.6,0.14,25.9,poor,53
5.316,9.424,Clay,6.5,0.72,0.095,32.8,0.95,36.8,good,34
5.6858,8.8836,Clay,7.8,6.73,0.129,43.7,0.4,38.4,good,157
7.6785,12.0377,Sandy clay,7.3,1.47,0.147,59.9,1.27,10.6,good,69
4.3174,15.0989,Sandy clay,7.3,0.61,0.477,48.6,1.0,17.4,excessive,61
6.1338,12.2094,Loam,4.8,1.49,0.289,39.0,1.39,22.2,excessive,93
6.3166,11.0767,Silty clay,6.3,2.59,0.412,64.5,1.32,18.5,good,112
8.6239,13.1639,Laterite,6.7,3.36,0.221,73.3,0.31,9.6,poor,65
12.8968,13.1751,Silty clay,5.8,1.4,0.329,63.2,1.11,6.7,poor,144
7.6171,9.645,Sandy clay,5.7,2.69,0.083,8.6,1.24,25.0,good,55
3.7561,15.3836,Sandy loam,7.5,2.52,0.262,43.0,0.44,18.8,moderate,181
9.0151,12.254,Loam,5.5,3.79,0.329,74.1,1.84,34.6,excessive,159
6.938,15.9317,Clay,4.6,3.96,0.279,78.0,1.01,27.8,good,122
4.5784,12.4242,Loam,6.6,2.21,0.27,54.3,0.63,21.3,moderate,126
10.9572,12.5364,Laterite,4.9,2.11,0.359,26.2,0.15,34.8,poor,183
2.2055,12.6181,Sandy clay,4.9,6.33,0.087,69.1,1.18,10.9,moderate,88
9.1341,8.7196,Laterite,6.4,6.09,0.25,16.2,0.48,10.1,excessive,34
6.4457,9.8292,Sandy loam,5.2,1.53,0.105,75.1,0.13,23.3,good,104
6.74,10.6089,Sandy clay,7.2,2.14,0.448,56.2,1.36,38.7,good,101
11.5205,12.1556,Sandy clay,6.3,6.32,0.119,53.4,0.62,7.4,excessive,149
12.8062,13.7704,Sandy loam,6.8,3.8,0.115,71.4,1.3,13.7,poor,121
3.8031,14.0647,Clay,4.7,2.13,0.069,61.4,1.3,19.8,excessive,56
3.9372,12.6612,Clay,6.6,2.36,0.173,21.0,0.78,13.6,excessive,82
7.35,15.5326,Clay,5.1,3.61,0.199,19.9,1.95,23.1,excessive,61
8.6233,9.8577,Loam,7.2,7.06,0.264,28.9,0.59,8.1,excessive,97
6.6198,12.8801,Laterite,5.9,4.43,0.448,25.3,1.21,10.3,excessive,166
8.9123,9.18,Laterite,4.6,1.69,0.32,56.3,0.12,34.0,moderate,153
10.7982,10.1281,Laterite,4.4,4.87,0.437,31.3,1.93,39.1,poor,85
2.1621,13.4164,Clay,5.4,1.55,0.376,58.7,0.2,9.9,excessive,111
2.842,12.9555,Loam,5.1,4.71,0.349,31.2,0.76,31.2,moderate,165
5.889,11.1252,Clay,6.4,1.03,0.184,14.8,1.77,16.6,moderate,143
7.1464,9.1539,Loam,6.0,5.44,0.041,29.9,1.16,39.9,poor,107
10.4284,12.7517,Silty clay,4.8,7.77,0.117,16.6,0.91,30.9,good,147
3.006,9.8831,Laterite,6.5,0.68,0.337,9.8,0.8,19.5,moderate,128
9.0746,10.977,Clay,4.4,1.55,0.232,47.9,1.88,24.4,moderate,174
9.7074,9.9248,Sandy loam,8.0,1.59,0.29,76.0,0.99,36.6,good,96
8.4607,14.8901,Sandy clay,6.9,4.91,0.076,26.8,0.33,24.2,excessive,67
6.8179,11.7272,Sandy clay,5.1,6.63,0.224,26.0,0.6,15.8,moderate,172
11.1189,11.2494,Silty clay,5.0,7.17,0.45,56.1,1.67,34.1,good,41
9.665,11.9895,Sandy clay,7.8,2.96,0.4,22.1,1.34,34.0,excessive,139
9.958,13.8099,Loam,5.9,7.25,0.17,73.0,0.17,26.0,moderate,32
8.8492,10.4705,Sandy clay,7.0,1.94,0.218,72.4,0.85,33.9,excessive,82
3.0875,9.3576,Sandy loam,4.7,1.74,0.49,13.4,0.38,11.0,excessive,47
8.5832,12.1942,Laterite,6.9,3.07,0.04,31.0,1.57,33.5,moderate,116
9.8495,11.5297,Sandy loam,6.4,1.58,0.141,23.5,0.24,37.9,excessive,151
6.7472,15.0551,Sandy clay,4.9,6.26,0.406,5.3,0.16,37.2,moderate,121
8.257,10.634,Silty clay,4.7,6.63,0.113,68.3,1.28,28.1,moderate,85
6.8122,8.7706,Silty clay,6.2,5.85,0.021,7.0,1.82,28.8,excessive,159
10.6979,8.6988,Sandy clay,5.6,6.1,0.064,19.1,1.07,36.3,poor,134
5.6173,14.7086,Laterite,4.0,1.87,0.159,58.2,1.2,14.3,poor,97
8.3965,15.1732,Silty clay,5.9,5.72,0.186,58.4,1.75,24.8,excessive,181
6.2478,14.1569,Laterite,7.8,1.01,0.268,18.7,0.62,27.3,moderate,75
12.5577,14.8978,Clay,5.0,0.68,0.308,45.0,0.97,21.6,good,124
8.5088,11.4779,Sandy loam,4.7,2.44,0.051,9.2,1.75,9.4,good,31
2.7581,14.6978,Loam,7.8,2.04,0.383,17.2,1.39,28.8,poor,164
6.7223,15.1151,Silty clay,4.5,4.07,0.309,61.9,0.37,23.7,moderate,151
7.0046,11.6231,Sandy loam,5.4,7.98,0.102,61.5,0.82,27.7,excessive,51
12.8713,12.0831,Loam,7.3,1.07,0.286,33.7,1.43,6.3,excessive,139
6.9249,12.2092,Loam,7.4,3.39,0.174,34.2,0.93,13.9,poor,110
2.4978,15.9273,Sandy loam,7.1,7.89,0.338,71.2,0.96,17.2,good,135
12.9316,9.7713,Sandy clay,4.9,5.51,0.143,37.3,1.87,14.3,poor,151
7.6174,14.025,Silty clay,4.3,1.04,0.378,74.0,1.22,6.3,excessive,157
6.9701,13.9034,Laterite,6.5,1.99,0.046,71.7,0.53,39.9,good,118
3.2696,9.3576,Loam,6.7,2.53,0.488,22.8,1.28,19.2,moderate,141
2.9932,13.81,Clay,7.2,6.7,0.255,78.2,1.62,20.4,poor,91
3.094,10.4079,Silty clay,7.1,7.1,0.338,34.1,0.78,17.6,good,67
7.4062,13.9436,Sandy loam,4.7,0.66,0.057,54.9,1.71,19.2,excessive,83
5.7143,8.6499,Sandy clay,4.2,6.16,0.063,67.1,1.58,33.7,moderate,146
9.5453,8.6578,Laterite,5.8,1.68,0.182,46.8,1.49,13.1,moderate,76
5.6831,10.0747,Clay,7.9,7.47,0.334,66.9,1.47,34.7,moderate,74
12.2958,15.4783,Laterite,6.3,7.73,0.216,19.5,0.54,21.0,moderate,153
4.7843,9.4533,Clay,5.6,4.86,0.485,51.5,1.57,28.9,poor,49
6.2314,9.9181,Sandy clay,5.1,7.07,0.095,12.3,1.72,24.2,good,196
9.5075,14.6937,Sandy clay,5.4,6.13,0.323,6.9,1.47,17.1,excessive,185
4.2877,15.708,Clay,7.1,0.68,0.385,68.8,0.78,16.4,excessive,57
6.6605,11.9967,Sandy clay,5.5,4.3,0.487,7.4,1.97,34.7,moderate,44
10.7708,11.8772,Loam,4.3,5.14,0.449,36.9,0.23,5.2,moderate,187
3.3134,13.0446,Silty clay,8.0,5.84,0.095,69.7,1.35,15.6,good,59
7.5184,11.5226,Loam,7.5,7.65,0.079,16.1,0.26,18.3,good,171
12.6816,15.9048,Sandy clay,6.4,3.98,0.165,5.0,0.6,10.1,moderate,38
2.0218,15.22,Loam,4.3,5.81,0.464,14.5,0.56,13.2,moderate,56
2.9473,15.3229,Sandy clay,7.4,3.36,0.389,43.2,1.39,29.1,poor,83
10.5285,15.2439,Silty clay,7.2,5.8,0.319,20.7,0.64,7.6,moderate,77
4.8355,12.5796,Clay,7.8,1.45,0.233,61.3,1.61,11.7,moderate,135
3.9614,13.0803,Silty clay,7.7,6.53,0.205,54.4,0.58,21.5,poor,54
7.8902,13.2831,Loam,5.6,0.74,0.465,76.7,1.41,14.3,moderate,131
8.5422,10.5708,Loam,6.8,3.2,0.288,9.4,1.99,28.2,excessive,49
12.3405,14.0841,Clay,6.2,6.02,0.245,76.9,1.57,9.2,excessive,169
12.4572,12.8183,Clay,5.8,6.44,0.13,76.9,0.42,15.3,poor,145
11.7794,13.0625,Sandy clay,7.4,2.0,0.406,18.4,1.51,10.4,poor,85
5.7727,12.0716,Clay,7.7,5.99,0.155,38.5,0.77,37.9,excessive,79
3.9209,15.3676,Sandy clay,7.3,1.47,0.151,58.3,1.44,13.2,poor,117
8.9697,13.656,Laterite,4.3,3.36,0.455,72.5,1.36,27.8,poor,38
11.4095,11.0662,Loam,4.2,6.85,0.17,55.5,1.03,10.1,moderate,83
6.6024,10.4689,Sandy loam,4.0,4.43,0.291,27.9,0.66,20.6,excessive,147
8.7948,15.764,Sandy loam,5.9,7.5,0.488,50.6,1.17,7.1,good,101
4.4553,15.9862,Sandy clay,7.0,5.51,0.292,56.2,1.39,12.8,moderate,58
10.6324,11.9896,Sandy clay,6.8,3.11,0.297,60.1,1.26,27.2,moderate,174
4.0375,12.2942,Loam,5.1,3.28,0.405,8.6,0.59,32.6,excessive,140
11.3098,10.0973,Sandy loam,4.7,6.49,0.364,47.2,0.97,35.6,poor,168
5.0727,13.3566,Sandy loam,7.7,1.79,0.113,13.9,0.61,24.9,poor,131
5.623,12.6949,Loam,5.9,4.48,0.477,20.5,1.37,21.6,good,45
9.475,12.9861,Sandy loam,7.0,4.5,0.357,60.1,0.44,37.4,good,187
9.9704,9.2259,Laterite,7.4,1.93,0.301,28.5,1.19,36.1,good,57
11.7974,14.3954,Laterite,7.3,4.31,0.437,40.0,0.5,36.4,moderate,184
7.0551,13.0059,Sandy loam,6.5,1.12,0.19,31.9,1.46,28.7,moderate,148
12.8782,13.9829,Laterite,4.9,3.09,0.1,69.7,1.71,37.0,moderate,156
9.2573,10.5165,Sandy loam,7.6,2.55,0.204,6.6,1.2,20.2,poor,70
9.1269,15.7596,Silty clay,4.2,1.19,0.291,79.8,0.65,23.8,poor,129
4.2408,12.473,Sandy loam,4.7,1.83,0.183,75.5,1.35,18.0,good,196
9.0254,9.9962,Clay,6.5,7.4,0.47,49.0,1.77,18.6,good,174
11.7414,11.0063,Sandy clay,6.8,7.39,0.291,25.6,1.43,8.9,poor,62
5.8033,15.2191,Sandy clay,6.9,0.91,0.295,23.6,0.13,14.4,excessive,145
10.5138,11.5178,Sandy clay,5.1,7.99,0.297,21.6,0.49,8.6,good,73
8.7289,15.0948,Sandy clay,7.4,7.55,0.031,47.1,1.84,36.5,moderate,171
4.9808,12.2646,Laterite,4.4,2.56,0.496,48.9,2.0,5.6,good,121
12.6849,11.1544,Sandy loam,4.3,1.17,0.185,40.5,0.26,34.8,excessive,97
7.3459,11.2369,Silty clay,6.1,4.16,0.07,8.8,1.39,22.1,good,35
2.2695,13.5007,Sandy clay,6.8,7.78,0.322,25.6,0.55,21.0,poor,159
3.0161,12.2199,Silty clay,5.3,6.72,0.354,24.3,1.01,30.1,excessive,107
3.9034,15.7676,Clay,4.4,7.65,0.028,41.3,0.65,38.9,excessive,156
11.4109,15.2692,Loam,6.0,1.29,0.139,44.8,0.84,16.5,excessive,35
5.3308,10.2563,Sandy loam,6.2,5.66,0.352,8.4,0.15,8.1,poor,169
2.1952,11.8031,Clay,4.2,3.77,0.182,9.4,0.26,32.0,poor,174
9.969,10.646,Sandy loam,4.5,3.17,0.252,43.8,0.15,26.0,poor,72
8.9315,13.3221,Sandy loam,6.5,7.68,0.361,28.8,1.64,20.1,poor,125
2.6646,13.3663,Loam,5.5,7.48,0.184,8.4,1.9,34.1,moderate,188
12.7728,9.8576,Clay,4.1,7.63,0.376,69.3,0.11,28.0,good,96
9.8248,11.076,Silty clay,5.9,1.5,0.058,65.8,1.66,13.1,poor,179
10.9853,11.2308,Sandy loam,5.2,6.44,0.359,52.6,1.61,35.2,moderate,70
12.4349,13.1764,Loam,4.4,3.15,0.083,14.1,1.98,11.5,moderate,93
10.1169,14.3636,Sandy loam,6.0,0.53,0.369,76.4,1.56,23.5,moderate,31
8.4628,9.6882,Sandy loam,7.5,4.98,0.139,12.5,0.61,31.8,moderate,121
12.5072,10.2507,Clay,5.2,6.54,0.37,14.3,1.83,13.2,poor,69
10.4482,13.3837,Loam,5.9,1.16,0.448,44.8,0.32,21.7,good,118
3.1419,11.3025,Clay,4.5,2.47,0.409,22.4,1.31,13.1,poor,188
8.7779,14.0814,Laterite,4.4,6.86,0.459,32.9,1.77,9.1,moderate,116
6.6797,9.7084,Loam,7.8,6.31,0.318,10.3,0.42,17.3,good,38
4.5054,10.8333,Sandy loam,7.9,6.51,0.054,9.2,0.19,30.2,excessive,178
7.6501,9.6099,Silty clay,7.8,2.01,0.367,79.9,1.98,26.7,good,83
3.6841,15.9461,Silty clay,6.9,6.7,0.491,20.2,0.71,13.6,moderate,92
12.9005,13.4085,Sandy loam,5.2,3.28,0.238,37.9,0.43,35.0,moderate,105
10.4963,15.3522,Sandy loam,6.1,5.54,0.382,49.6,1.44,23.7,excessive,71
6.3939,15.8716,Silty clay,5.9,6.78,0.307,25.4,0.31,37.0,excessive,63
5.7102,10.715,Clay,7.0,5.34,0.337,14.9,0.57,22.4,poor,118
11.5567,11.6905,Silty clay,4.6,3.5,0.16,79.6,0.81,26.5,moderate,61
8.3221,9.7756,Sandy loam,4.5,0.63,0.086,59.5,1.3,14.9,good,99
4.3674,8.7356,Clay,5.1,3.02,0.435,6.0,0.6,38.4,moderate,178
11.3711,15.1135,Clay,4.0,3.22,0.251,13.1,0.25,17.5,excessive,115
12.1286,11.5033,Silty clay,7.0,4.99,0.446,30.0,0.35,9.8,excessive,110
4.0706,14.5654,Silty clay,6.3,4.59,0.079,18.3,0.49,31.3,moderate,44
9.6512,12.8765,Clay,4.4,1.66,0.143,67.3,1.47,37.0,moderate,92
2.3748,14.6593,Sandy clay,4.1,5.49,0.332,25.1,1.52,19.8,excessive,80
8.9672,13.2268,Clay,7.5,5.56,0.342,49.7,0.29,15.5,excessive,147
7.0535,10.3774,Loam,4.7,4.34,0.421,52.6,1.42,10.0,good,101
10.7728,9.3325,Sandy loam,5.1,7.08,0.462,11.6,0.41,17.5,poor,33
9.8811,9.618,Sandy clay,4.6,4.59,0.303,11.6,0.87,30.6,moderate,182
5.7572,10.3165,Loam,4.5,3.98,0.471,51.1,0.23,14.0,poor,174
10.1478,14.176,Sandy loam,5.5,1.0,0.278,59.9,0.73,32.6,excessive,117
5.6231,9.7665,Silty clay,7.2,1.5,0.137,69.0,1.09,10.4,poor,180
8.7719,12.8946,Sandy loam,6.2,3.05,0.215,62.1,1.86,25.2,moderate,131
12.2568,9.8186,Sandy clay,5.2,6.77,0.482,71.8,1.03,33.4,poor,88
4.2125,10.8796,Clay,8.0,1.84,0.136,59.2,1.37,30.1,excessive,125
12.4512,9.3983,Sandy loam,6.3,2.43,0.209,29.3,1.87,38.1,excessive,62
7.4805,13.966,Sandy clay,4.8,3.03,0.336,55.4,1.83,31.4,good,151
11.2694,14.6753,Loam,5.1,6.6,0.119,5.9,1.27,17.8,moderate,200
9.3701,10.1672,Silty clay,5.0,7.25,0.339,11.7,0.77,27.8,excessive,94
9.8817,12.2277,Sandy clay,5.0,5.52,0.06,64.4,1.54,15.1,poor,66
2.6682,9.1699,Laterite,5.7,1.88,0.23,9.3,0.94,36.6,poor,188
9.4611,8.9861,Sandy clay,4.3,4.31,0.147,38.1,1.56,18.8,poor,144
5.3057,15.2149,Sandy loam,6.9,5.26,0.055,42.6,1.8,33.8,poor,31
2.7082,14.1325,Silty clay,7.5,2.33,0.27,71.4,1.77,19.4,moderate,198
7.5788,9.2964,Laterite,6.1,6.96,0.103,39.4,1.32,6.7,good,110
2.4021,14.8673,Sandy loam,7.9,6.21,0.482,16.5,1.75,36.7,good,45
5.1915,13.3613,Sandy loam,5.2,1.32,0.41,72.9,0.31,27.7,moderate,57
12.6814,10.5484,Clay,7.0,3.59,0.051,57.5,0.57,25.9,good,88
2.7776,9.4017,Loam,4.0,2.13,0.083,27.0,0.49,14.2,good,32
3.416,9.832,Loam,5.1,3.77,0.146,19.1,1.31,17.7,poor,99
8.6369,11.4962,Sandy loam,5.7,3.32,0.429,33.8,1.24,21.3,moderate,55
8.5164,9.9684,Silty clay,4.5,4.93,0.492,24.3,0.1,36.9,poor,106
3.4476,15.0041,Sandy loam,6.1,1.84,0.115,44.5,1.61,33.4,poor,162
4.6183,13.8325,Sandy clay,5.9,5.15,0.082,37.6,0.33,22.6,excessive,181
2.676,9.5021,Sandy clay,5.3,4.33,0.075,70.9,0.63,25.4,moderate,96
3.5621,14.0398,Sandy clay,6.2,7.51,0.35,78.6,1.64,23.6,moderate,125
4.4753,11.0531,Laterite,5.5,7.35,0.144,59.2,1.22,11.0,good,63
4.9513,10.6297,Sandy loam,4.7,6.38,0.17,45.0,1.5,38.9,poor,158
12.0119,10.0908,Silty clay,7.6,6.85,0.034,71.3,1.12,11.7,moderate,95
12.9486,10.8392,Laterite,4.8,1.8,0.273,18.1,1.09,30.8,good,168
12.4351,11.257,Clay,7.9,7.92,0.302,27.7,1.72,6.9,moderate,31
6.8473,13.2533,Loam,7.9,5.72,0.131,69.0,1.35,35.3,excessive,156
9.6546,11.1073,Clay,4.5,5.69,0.118,9.9,0.66,16.1,excessive,156
12.9177,12.7259,Laterite,8.0,6.29,0.257,26.3,0.53,13.2,excessive,177
11.4761,11.4729,Sandy loam,5.8,5.13,0.047,40.6,0.13,31.1,moderate,90
2.2513,13.7881,Sandy loam,4.8,6.59,0.172,72.8,1.5,12.4,excessive,120
11.7315,8.6534,Clay,6.5,6.81,0.082,8.4,1.79,15.4,good,188
9.3174,14.782,Clay,4.4,3.33,0.369,10.8,1.52,35.8,moderate,117
10.743,10.2931,Sandy clay,7.4,5.68,0.379,61.1,0.95,36.5,good,140
3.363,15.6904,Loam,4.0,6.26,0.109,9.8,1.05,23.0,poor,163
9.3557,12.959,Loam,4.1,2.03,0.364,75.7,1.56,39.5,good,164
3.3672,15.6884,Silty clay,5.5,4.7,0.489,38.6,0.7,32.7,moderate,168
9.7521,8.6638,Sandy loam,5.9,7.42,0.283,51.0,1.03,25.5,good,141
5.2533,10.0244,Laterite,5.6,2.24,0.457,16.1,0.56,32.6,excessive,64
3.1223,14.4764,Sandy clay,6.3,3.95,0.438,34.9,0.62,24.0,moderate,34
8.1354,9.4213,Laterite,7.1,3.31,0.081,12.5,1.17,18.1,good,131
5.4907,11.9495,Sandy clay,7.2,1.78,0.077,70.3,1.64,10.7,moderate,198
8.1442,12.5779,Silty clay,7.1,2.97,0.051,19.0,0.5,21.3,moderate,122
7.5387,10.0389,Loam,5.3,6.38,0.041,60.7,1.96,31.7,moderate,193
12.2507,10.4744,Loam,6.1,3.61,0.151,8.0,1.54,30.4,good,50
8.2256,15.8045,Silty clay,7.5,4.72,0.462,47.0,1.69,22.5,excessive,73
10.8704,11.8522,Silty clay,6.3,1.97,0.317,64.8,1.69,31.9,moderate,74
2.1222,15.494,Sandy loam,4.2,5.82,0.415,62.5,1.57,12.8,good,32
2.9553,12.0507,Clay,6.5,6.68,0.189,66.8,1.05,32.5,moderate,120
4.4963,14.2377,Laterite,4.9,1.11,0.397,63.6,0.31,19.9,excessive,73
2.3415,13.9149,Loam,7.1,5.53,0.273,15.2,1.98,14.0,excessive,74
11.2245,9.0729,Silty clay,4.8,5.66,0.04,5.5,1.27,28.6,excessive,78
9.801,14.9796,Silty clay,5.3,1.15,0.211,24.1,1.92,12.0,good,76
9.6988,15.4176,Laterite,6.7,1.0,0.465,16.1,0.48,30.5,poor,53
7.4192,14.3351,Sandy loam,4.7,6.92,0.166,44.1,0.32,17.3,moderate,92
5.9647,15.7514,Loam,7.3,0.93,0.157,20.5,0.71,5.5,poor,103
10.6032,9.5379,Silty clay,4.8,5.42,0.323,67.0,0.36,12.7,moderate,182
11.6384,13.496,Clay,4.3,1.2,0.276,61.3,1.32,28.7,poor,185
8.2919,15.1102,Laterite,7.6,5.04,0.371,39.7,0.61,27.3,excessive,130
10.9664,10.4694,Sandy loam,6.5,5.17,0.461,61.9,1.64,25.0,excessive,40
10.0047,10.3361,Sandy loam,6.3,5.47,0.42,17.4,0.72,32.7,excessive,132
6.7766,12.1333,Clay,6.5,5.95,0.158,69.8,0.79,14.1,good,117
9.6951,11.199,Clay,6.0,2.98,0.43,42.5,0.22,7.0,good,140
6.0131,11.557,Sandy loam,4.1,6.89,0.263,46.1,1.34,12.6,moderate,47
7.7522,10.1714,Sandy clay,5.7,5.2,0.133,71.3,0.66,15.6,good,195
12.1325,11.419,Clay,4.5,3.71,0.183,42.1,1.26,16.5,poor,89
9.8234,10.7708,Silty clay,7.4,7.72,0.027,13.7,1.07,26.8,poor,42
12.0164,13.2287,Laterite,7.5,4.42,0.351,74.3,1.39,21.9,poor,177
8.5217,11.7272,Sandy loam,4.6,6.28,0.219,12.1,1.44,31.7,moderate,124
3.158,11.919,Sandy loam,5.9,2.26,0.404,44.8,1.19,17.5,moderate,64
4.7005,14.5163,Sandy loam,6.1,2.31,0.225,46.7,1.15,24.5,good,148
3.8602,12.6615,Clay,5.4,4.75,0.34,22.3,0.33,26.2,poor,181
9.6232,14.9944,Sandy loam,5.0,1.43,0.487,8.0,0.89,22.3,excessive,31
9.8182,14.5845,Laterite,6.2,0.72,0.499,53.0,1.68,19.5,poor,137
2.5745,9.1201,Clay,7.1,2.09,0.431,23.9,0.59,8.4,moderate,148
3.545,9.4538,Sandy clay,4.2,2.28,0.031,57.8,1.27,11.0,poor,112
11.4838,10.6425,Sandy clay,6.1,6.58,0.197,23.8,1.74,7.6,good,132
9.1548,14.79,Clay,6.8,3.31,0.476,15.2,1.45,30.1,excessive,44
8.7358,12.1422,Sandy clay,7.8,4.0,0.18,43.6,1.62,10.7,excessive,63
6.0755,12.7425,Sandy clay,7.4,3.5,0.284,14.2,0.28,12.5,good,85
9.542,10.0909,Laterite,7.5,7.24,0.147,12.9,0.88,32.8,good,32
3.1863,9.2443,Clay,5.0,5.7,0.2,60.3,0.87,7.8,good,88
12.9842,13.6079,Sandy clay,6.5,4.2,0.06,78.9,0.98,6.4,moderate,81
5.7759,8.7469,Loam,6.0,6.16,0.479,68.3,0.62,17.1,excessive,53
7.7172,13.6377,Sandy clay,6.9,6.87,0.128,13.4,0.44,38.0,excessive,198
3.456,10.892,Sandy loam,4.8,1.33,0.273,33.5,1.48,18.7,moderate,58
8.1117,14.6548,Sandy loam,6.1,3.78,0.083,47.0,0.29,8.7,moderate,135
6.963,12.3955,Clay,7.0,3.92,0.318,74.0,1.89,14.2,poor,194
7.0175,12.4835,Silty clay,5.8,7.73,0.159,43.9,0.34,27.0,good,102
5.6099,14.5417,Laterite,4.5,7.1,0.226,35.5,1.55,15.6,poor,141
11.432,10.5802,Loam,6.9,0.92,0.356,24.7,1.48,33.9,moderate,81
3.875,9.7527,Laterite,7.0,1.77,0.029,9.6,0.15,36.8,poor,129
11.5163,12.6655,Loam,6.0,2.33,0.26,74.8,1.18,7.0,good,103
2.4071,15.0354,Clay,4.9,0.54,0.377,66.4,0.64,34.1,moderate,147
10.8491,12.1509,Sandy loam,7.8,6.83,0.034,72.5,1.13,21.4,excessive,150
12.5304,10.636,Laterite,5.8,1.88,0.439,10.1,0.13,10.3,excessive,163
8.9669,9.381,Loam,7.7,5.59,0.348,77.9,0.21,27.9,excessive,137
11.8903,13.126,Clay,5.8,0.67,0.102,74.1,1.96,22.2,excessive,83
11.8836,12.0877,Loam,4.6,1.14,0.42,75.3,0.88,9.4,good,76
11.3155,11.0728,Silty clay,5.9,7.95,0.345,59.1,0.63,14.0,poor,101
5.2311,12.9854,Sandy clay,7.7,5.64,0.158,53.1,0.36,19.9,poor,151
11.7752,10.367,Loam,6.2,1.08,0.062,10.2,0.5,20.9,good,55
12.0634,11.1122,Silty clay,6.5,4.67,0.09,40.6,0.37,15.8,excessive,35
3.1086,10.1241,Clay,5.5,5.18,0.086,49.6,0.56,7.3,excessive,188
12.0962,8.8793,Silty clay,7.4,5.89,0.16,58.8,0.6,32.8,moderate,74
3.1057,8.7415,Loam,4.6,5.89,0.484,54.0,1.77,5.9,moderate,40
6.516,12.8174,Sandy loam,5.6,5.86,0.126,24.7,1.06,28.3,good,173
3.4349,10.7519,Sandy loam,5.1,4.13,0.483,34.3,1.73,19.0,excessive,108
5.5594,9.1872,Loam,6.8,2.66,0.356,32.4,0.13,10.5,good,49
10.5523,10.1255,Sandy clay,4.9,3.0,0.109,45.4,1.08,27.1,moderate,86
12.6357,9.3963,Loam,5.5,4.25,0.454,52.4,0.9,6.8,good,139
10.3358,12.6829,Loam,6.7,2.88,0.143,52.5,0.9,17.3,moderate,158
4.3306,11.5503,Sandy clay,7.7,1.32,0.098,50.4,0.56,35.5,good,144
11.3559,11.649,Silty clay,6.7,6.32,0.179,28.9,0.11,13.2,poor,72
9.4946,11.8208,Loam,6.5,2.19,0.312,23.3,1.44,10.5,good,167
5.1843,10.048,Loam,4.1,7.34,0.056,36.1,0.77,11.4,moderate,126
6.8877,12.2787,Sandy loam,5.1,4.45,0.328,44.0,1.81,9.8,excessive,173
11.2293,9.5918,Silty clay,5.7,1.65,0.31,30.9,0.96,10.7,poor,101
7.207,14.0221,Laterite,7.7,2.63,0.228,63.7,1.16,30.9,excessive,74
10.6346,14.0023,Sandy loam,7.8,5.99,0.077,65.1,0.27,18.9,excessive,98
5.8622,9.6752,Clay,4.4,2.67,0.349,20.4,1.94,5.2,poor,30
8.2592,12.6912,Silty clay,5.1,4.97,0.289,56.6,1.76,8.5,good,88
11.1881,8.6535,Silty clay,4.2,7.31,0.359,53.2,1.08,32.3,good,190
10.0178,11.0794,Loam,6.0,4.12,0.228,56.1,1.64,38.4,excessive,98
6.5431,13.7389,Sandy loam,6.3,1.86,0.167,68.7,1.63,34.8,poor,130
2.4679,15.9249,Laterite,6.2,4.3,0.373,14.9,0.53,38.0,good,90
4.2749,11.0244,Loam,5.0,4.13,0.406,67.8,0.72,7.6,poor,38
3.2379,14.6246,Silty clay,5.7,6.66,0.027,7.6,0.7,12.1,moderate,152
9.0972,12.8899,Silty clay,7.6,6.41,0.068,71.5,0.33,11.9,poor,97
7.5584,9.3369,Laterite,4.9,3.86,0.139,76.0,0.41,25.1,excessive,42
7.4762,11.8938,Loam,4.9,1.93,0.166,49.4,1.2,32.0,excessive,195
5.338,13.822,Laterite,7.5,6.93,0.244,54.6,1.68,10.4,excessive,54
12.5306,13.0164,Loam,5.1,4.43,0.374,66.6,0.69,17.0,moderate,146
10.9964,14.7956,Silty clay,6.7,5.63,0.141,76.7,1.72,35.5,good,100
4.1512,15.8786,Sandy loam,5.8,5.61,0.451,12.6,0.7,17.9,excessive,43
10.514,10.7167,Sandy clay,5.6,3.35,0.458,5.3,0.37,37.5,excessive,51
8.7067,9.1803,Silty clay,5.9,7.53,0.383,24.2,0.93,22.2,excessive,196
10.4125,14.3367,Loam,5.2,5.95,0.487,10.4,1.65,25.8,excessive,95
6.1874,14.4229,Sandy clay,5.3,3.01,0.26,39.3,0.35,5.9,excessive,63
8.9589,11.012,Laterite,6.1,2.04,0.293,29.8,1.26,28.7,excessive,89
2.0333,11.7339,Sandy clay,6.9,6.05,0.203,66.6,1.34,39.6,poor,124
7.6377,11.3162,Laterite,7.7,3.53,0.327,66.9,0.98,20.5,good,52
5.174,15.716,Silty clay,7.8,3.99,0.177,14.6,1.01,36.3,good,162
11.561,9.3716,Laterite,5.9,6.62,0.421,75.1,0.49,19.5,poor,45
12.4986,10.5321,Sandy loam,5.3,2.19,0.279,44.7,1.65,19.4,excessive,151
4.7525,14.7306,Laterite,6.6,1.67,0.294,39.5,1.71,26.1,moderate,177
10.7026,11.9765,Clay,7.9,6.5,0.307,66.0,0.71,39.2,poor,162
6.5649,11.2779,Loam,7.2,5.23,0.389,63.5,1.31,34.6,good,40
9.9907,12.831,Laterite,7.0,4.23,0.253,30.5,1.71,15.5,excessive,196
4.765,10.1468,Silty clay,6.6,2.0,0.436,57.4,1.6,9.9,excessive,35
2.1647,9.1095,Loam,6.7,1.27,0.247,65.2,0.78,6.6,moderate,123
11.7175,13.8119,Sandy clay,4.1,2.93,0.199,70.2,0.26,31.9,excessive,38
12.7156,11.3919,Loam,4.1,2.3,0.081,64.2,0.77,36.4,poor,88
12.0531,11.2656,Laterite,6.4,7.58,0.061,63.0,0.19,20.5,moderate,143
7.637,12.6204,Loam,7.4,2.05,0.232,25.6,1.22,24.5,excessive,181
10.663,9.8312,Silty clay,7.3,3.11,0.293,22.1,1.01,10.8,moderate,84
9.5378,8.8406,Clay,6.4,6.13,0.443,66.3,1.8,26.5,excessive,153
2.5704,15.7793,Laterite,7.1,4.95,0.241,12.3,0.12,20.2,excessive,200
12.7074,12.443,Sandy loam,5.6,3.91,0.163,78.3,0.35,29.3,poor,133
6.9662,9.6442,Sandy clay,6.4,4.96,0.106,39.6,1.81,9.0,poor,170
12.7308,8.5617,Sandy loam,6.5,4.71,0.025,51.5,1.61,7.0,moderate,76
7.5193,13.9756,Sandy clay,7.2,6.67,0.059,54.8,1.47,14.6,excessive,151
12.7272,13.8874,Silty clay,7.7,5.71,0.082,24.4,0.9,20.0,good,50
9.1017,12.8442,Silty clay,4.3,6.8,0.43,68.8,0.52,16.2,poor,161
10.0949,11.5417,Sandy clay,5.8,4.98,0.036,7.3,0.21,12.8,excessive,114
12.7954,9.2365,Sandy loam,7.5,1.4,0.374,52.7,1.48,8.0,good,183
10.27,10.9505,Clay,5.0,5.18,0.068,23.1,1.15,32.3,excessive,150
11.558,11.6985,Sandy loam,7.9,6.3,0.213,34.4,0.94,31.2,excessive,82
5.5179,9.2669,Loam,6.3,5.13,0.471,15.1,1.11,12.6,moderate,161
10.3187,11.1536,Laterite,6.6,1.79,0.299,6.1,1.7,25.7,excessive,132
4.4256,11.0091,Clay,4.6,5.55,0.2,76.6,1.8,33.5,good,193
4.9139,10.6856,Loam,5.6,7.39,0.247,12.2,0.54,6.7,poor,193
2.6324,15.4216,Loam,6.5,1.26,0.3,77.9,0.13,31.1,moderate,65
3.94,11.3282,Clay,4.5,0.55,0.068,48.0,1.81,5.8,excessive,45
2.6913,9.7216,Loam,7.9,1.78,0.245,8.1,1.72,38.2,excessive,49
10.3185,12.7245,Silty clay,5.0,1.84,0.267,26.8,1.37,14.3,excessive,143
3.8724,12.8616,Clay,7.0,1.05,0.317,66.2,0.11,12.8,excessive,130
5.2843,8.6053,Sandy loam,6.7,3.65,0.331,35.4,0.43,23.1,moderate,45
9.9558,9.6603,Clay,5.4,6.01,0.335,80.0,0.43,17.0,excessive,71
4.179,10.3312,Silty clay,4.8,7.92,0.33,11.3,1.09,7.9,poor,151
6.2958,13.3011,Sandy loam,4.2,0.85,0.14,54.4,1.86,14.5,moderate,160
12.5212,12.6123,Silty clay,6.0,1.27,0.479,64.4,0.11,32.8,poor,175
8.0868,9.2481,Silty clay,6.8,5.5,0.347,70.7,1.54,36.9,moderate,155
6.2033,12.7163,Clay,7.9,4.93,0.223,40.0,1.5,17.8,moderate,137
2.5292,15.3597,Laterite,5.9,4.39,0.194,74.0,0.45,18.7,good,82
6.1724,12.2717,Sandy loam,7.9,2.0,0.325,46.8,0.6,19.5,excessive,53
6.6451,10.2372,Sandy clay,5.9,1.89,0.119,68.7,1.87,18.6,poor,166
2.1149,15.177,Sandy clay,7.2,3.62,0.317,73.6,1.98,21.3,good,186
7.1605,15.0335,Loam,7.0,6.47,0.317,32.4,0.46,38.3,moderate,133
3.6727,11.8573,Silty clay,5.9,7.18,0.361,23.0,0.48,38.1,good,70
2.4798,15.2114,Clay,4.9,1.17,0.156,46.4,1.74,28.7,moderate,181
10.5046,15.3535,Silty clay,4.0,5.38,0.205,51.0,0.2,10.3,moderate,52
9.8975,15.1109,Laterite,6.0,1.95,0.374,8.9,1.49,33.3,moderate,113
2.6708,11.5254,Loam,4.5,6.65,0.414,74.2,0.35,30.2,poor,58
11.7799,11.803,Loam,5.3,5.86,0.215,38.4,1.47,20.8,good,174
11.0668,13.7885,Silty clay,7.8,4.54,0.336,9.4,1.57,26.8,excessive,145
7.2897,15.7896,Clay,5.6,1.52,0.154,73.3,0.5,38.8,excessive,183
9.4742,10.0138,Sandy loam,4.3,4.05,0.261,31.2,0.19,37.4,poor,187
8.585,12.1333,Loam,5.4,5.58,0.274,68.6,1.16,23.3,excessive,78
4.1827,9.0533,Clay,4.8,1.71,0.367,24.2,1.38,25.4,good,96
4.7584,13.0913,Silty clay,6.8,0.64,0.288,62.9,0.32,18.7,moderate,99
5.2521,13.2855,Sandy loam,7.0,7.73,0.259,58.9,1.1,17.5,good,198
4.2497,15.1593,Sandy loam,6.3,5.3,0.316,22.8,0.71,34.6,poor,67
6.9398,8.6095,Laterite,5.7,2.25,0.434,43.4,1.99,6.1,poor,149
8.0718,8.8939,Laterite,5.1,2.22,0.155,78.6,0.63,10.8,poor,136
12.4648,13.1891,Sandy clay,5.1,5.44,0.399,6.3,0.55,25.0,poor,128
7.6198,11.6596,Laterite,4.1,7.63,0.363,79.6,1.76,25.1,excessive,194
5.8748,9.7298,Loam,4.8,7.01,0.433,69.5,1.74,11.5,moderate,59
11.3907,9.4399,Loam,5.7,7.95,0.355,53.5,0.53,30.8,poor,56
8.0234,12.111,Sandy clay,4.9,1.44,0.13,42.9,1.93,13.8,good,178
9.4529,9.8162,Laterite,5.6,2.57,0.186,21.7,1.95,16.6,moderate,197
11.5955,11.0283,Silty clay,6.1,7.36,0.125,39.6,1.9,34.8,poor,114
7.9434,10.3069,Clay,6.2,6.77,0.347,43.2,0.57,27.3,moderate,144
5.273,8.5927,Clay,5.5,2.01,0.449,14.1,0.74,12.5,poor,151
3.8569,12.2145,Clay,7.9,3.36,0.254,52.7,1.42,20.8,moderate,135
2.8814,14.7934,Laterite,6.2,4.01,0.424,49.9,0.5,19.8,good,40
9.5709,15.8923,Sandy clay,6.4,1.96,0.028,27.8,0.91,26.8,poor,82
4.1418,9.1289,Clay,4.9,4.51,0.083,16.5,1.8,8.1,poor,162
9.6889,8.6851,Laterite,6.3,6.69,0.276,24.2,0.14,5.3,poor,146
11.0336,13.2093,Sandy loam,5.8,4.3,0.275,31.9,1.68,39.8,excessive,68
7.6249,12.2013,Silty clay,7.7,5.47,0.327,9.6,1.03,26.1,moderate,183
11.0011,14.001,Sandy clay,8.0,1.09,0.283,13.3,1.63,25.1,moderate,196
5.014,11.8021,Loam,7.7,6.35,0.275,65.1,0.16,36.4,good,164
10.2718,14.4739,Loam,6.1,5.71,0.328,66.0,1.44,22.6,poor,199
2.9357,15.9554,Clay,5.4,6.2,0.313,78.3,1.93,20.2,excessive,67
11.3743,9.4028,Silty clay,4.8,4.8,0.122,13.9,0.49,16.6,good,174
12.808,9.1594,Sandy loam,4.3,0.83,0.135,13.4,0.18,20.6,excessive,191
10.8508,9.2468,Loam,4.4,6.59,0.177,42.5,1.58,19.3,poor,49
2.2178,11.6212,Sandy clay,7.5,1.42,0.345,42.3,1.11,34.1,poor,138
10.6444,15.8872,Silty clay,4.7,2.4,0.378,67.9,1.66,21.0,poor,183
3.1879,11.2514,Sandy clay,5.1,4.33,0.099,52.9,1.93,30.7,poor,73
12.826,13.8371,Sandy clay,7.0,4.49,0.475,32.0,1.55,5.1,excessive,130
10.9006,10.7068,Sandy loam,4.3,5.93,0.271,26.5,1.53,19.9,poor,172
9.1517,15.9849,Clay,4.0,6.86,0.288,32.9,1.91,37.9,moderate,34
2.666,13.7209,Sandy loam,6.4,5.58,0.475,79.3,0.57,15.3,poor,146
10.0829,13.7672,Clay,4.6,7.61,0.407,29.9,1.2,30.3,moderate,137
11.707,15.9196,Sandy loam,6.8,4.89,0.479,43.7,0.53,8.3,good,101
3.7449,12.94,Loam,6.7,6.3,0.165,32.8,1.61,10.1,moderate,113
11.4692,10.6188,Silty clay,5.8,2.2,0.09,61.7,1.61,16.4,excessive,191
11.918,13.5905,Laterite,6.1,6.86,0.441,50.0,1.21,29.0,moderate,194
8.2612,12.8437,Loam,6.4,2.92,0.382,31.9,1.33,30.4,good,163
8.1259,10.2466,Laterite,6.3,6.63,0.059,54.4,0.31,27.7,excessive,31
5.0679,15.1804,Clay,5.6,3.39,0.43,77.2,0.15,22.2,moderate,32
8.2265,15.4472,Laterite,6.4,4.83,0.375,64.3,0.99,10.6,good,199
11.4126,9.7374,Laterite,7.9,3.22,0.477,57.6,1.74,38.0,moderate,106
9.3641,14.3525,Sandy loam,4.8,3.36,0.212,17.8,1.17,31.1,good,85
4.7727,13.9479,Sandy clay,7.3,0.61,0.423,21.3,0.13,33.1,poor,179
10.6774,8.6044,Clay,4.3,7.41,0.455,44.2,1.72,15.4,moderate,87
3.7024,15.8204,Sandy clay,6.3,2.72,0.268,50.1,0.73,31.8,good,93
2.4392,10.3106,Clay,5.2,5.93,0.402,51.9,0.73,14.2,moderate,171
6.3668,11.7947,Loam,6.4,5.58,0.201,14.0,0.94,17.7,excessive,133
2.6571,10.0408,Laterite,5.7,4.65,0.281,20.9,0.54,29.9,poor,93
5.7543,9.92,Silty clay,5.8,4.2,0.116,40.0,1.52,11.0,excessive,196
5.945,9.2601,Sandy clay,4.9,3.74,0.488,57.4,1.87,8.7,poor,63
12.3614,12.3329,Loam,5.1,6.84,0.309,11.8,1.12,27.5,moderate,126
2.1954,12.6223,Loam,5.5,3.93,0.072,42.7,1.97,30.8,moderate,108
12.2064,10.5812,Clay,5.5,5.37,0.375,27.8,0.76,9.6,good,120
9.4658,11.1139,Sandy loam,4.6,5.25,0.026,76.3,1.32,26.3,excessive,95
9.1184,10.8741,Silty clay,4.9,4.53,0.473,26.1,1.46,39.1,poor,166
8.0432,11.9395,Sandy clay,7.0,1.56,0.036,31.4,1.69,7.7,good,101
8.502,8.8864,Laterite,6.0,1.48,0.312,28.3,0.8,7.2,poor,92
10.5365,13.0199,Sandy clay,6.3,5.44,0.339,31.4,0.62,15.4,good,160
10.925,9.7712,Silty clay,5.9,5.19,0.268,46.5,1.69,16.5,moderate,60
5.8044,9.7439,Loam,7.0,2.05,0.269,69.1,0.29,10.9,excessive,157
4.0184,9.5078,Sandy loam,7.8,6.05,0.238,27.3,0.32,5.8,good,100
9.1493,12.288,Laterite,6.4,1.76,0.303,20.3,0.18,35.5,excessive,135
11.1009,12.9163,Sandy loam,7.7,6.29,0.152,73.6,0.84,39.4,moderate,62
9.6743,10.0626,Sandy loam,5.6,5.49,0.398,48.2,1.51,21.9,excessive,39
5.1371,13.7857,Sandy clay,7.3,2.88,0.225,30.3,0.38,31.8,excessive,148
7.6112,9.7151,Silty clay,5.4,6.06,0.202,10.4,0.3,39.9,excessive,102
6.7076,13.2709,Silty clay,6.5,1.75,0.212,58.6,0.91,25.6,poor,63
6.0797,10.4881,Loam,4.1,3.68,0.21,39.5,0.11,23.1,good,175
3.2993,12.2217,Sandy clay,5.4,0.83,0.099,24.4,0.54,26.1,moderate,64
2.4856,11.8285,Laterite,7.3,2.64,0.31,74.2,1.6,34.1,poor,95
6.8176,9.1275,Sandy loam,5.9,1.05,0.259,42.3,1.65,24.1,excessive,77
3.1076,11.9274,Sandy loam,6.9,1.28,0.255,42.9,1.87,32.2,excessive,174
4.6889,14.5583,Silty clay,5.7,4.24,0.198,11.8,1.98,8.0,moderate,32
2.9181,9.3973,Sandy clay,5.1,4.59,0.392,62.3,1.05,34.6,excessive,131
2.232,8.8018,Clay,6.6,3.99,0.262,21.4,1.69,22.6,excessive,175
4.319,9.538,Silty clay,8.0,5.96,0.276,47.5,0.31,30.3,excessive,75
12.1117,15.229,Sandy loam,7.2,5.4,0.148,30.9,1.68,30.1,good,126
12.8943,9.1388,Silty clay,5.4,7.1,0.032,30.2,1.95,24.1,moderate,180
5.3909,15.476,Laterite,5.4,1.5,0.298,58.6,0.25,26.8,moderate,85
6.0903,9.4345,Loam,6.5,2.52,0.101,12.0,0.86,26.7,excessive,132
12.7303,11.0353,Silty clay,6.4,1.38,0.469,60.5,1.45,24.2,excessive,156
8.1974,11.8508,Sandy clay,4.2,1.03,0.112,19.1,0.21,22.4,moderate,125
7.5979,12.9955,Sandy clay,7.1,7.52,0.475,72.5,1.51,28.5,poor,107
3.293,13.4229,Clay,4.6,6.09,0.098,56.1,0.24,16.0,moderate,95
6.116,10.8525,Silty clay,5.2,4.49,0.415,70.5,0.24,11.7,moderate,42
5.4023,13.6282,Silty clay,5.6,4.08,0.397,53.1,1.22,25.3,good,185
4.1931,9.3303,Sandy loam,5.3,6.26,0.43,64.8,0.4,37.2,poor,113
6.2634,14.7824,Sandy loam,6.5,6.45,0.035,37.6,1.25,17.9,moderate,183
10.6833,13.9271,Clay,5.6,3.79,0.256,45.9,0.67,13.0,moderate,62
3.2401,9.5524,Sandy clay,5.9,5.48,0.34,39.2,1.28,38.6,poor,37
12.8051,14.8361,Clay,7.7,1.52,0.154,76.5,0.35,35.6,poor,104
6.8313,15.8123,Loam,6.9,3.03,0.077,22.9,1.44,16.2,poor,197
12.4401,12.5111,Laterite,6.1,6.55,0.403,56.5,1.91,25.3,excessive,132
11.9054,12.0282,Sandy loam,7.0,2.26,0.428,31.5,1.48,16.3,poor,108
12.4856,9.9303,Laterite,6.1,3.46,0.277,22.3,1.06,9.6,moderate,38
4.542,13.5395,Loam,5.9,4.23,0.467,21.1,1.15,23.6,poor,85
6.8969,14.7251,Loam,6.3,6.65,0.433,10.3,1.88,31.7,poor,34
7.3276,14.6496,Sandy loam,4.9,6.65,0.287,38.3,1.18,30.1,excessive,112
5.0509,9.2311,Sandy loam,7.6,7.63,0.32,43.3,0.2,19.6,excessive,63
5.7432,11.3754,Clay,6.9,3.21,0.4,79.3,1.14,14.7,excessive,194
12.5364,13.9885,Loam,4.9,7.96,0.025,48.2,1.4,11.4,excessive,106
2.5646,8.5554,Sandy loam,7.7,4.87,0.102,51.2,0.1,18.1,moderate,105
10.4473,9.2477,Clay,6.4,2.87,0.067,66.8,1.14,32.7,good,188
12.6533,9.8767,Laterite,4.5,7.86,0.132,37.0,1.69,13.1,moderate,44
9.8263,14.4015,Silty clay,6.0,4.16,0.13,51.9,0.48,14.2,moderate,89
8.5599,10.5813,Loam,5.9,7.63,0.305,61.3,1.44,38.3,moderate,37
3.1752,9.8778,Silty clay,6.7,6.85,0.378,16.1,1.39,27.0,excessive,139
7.9063,12.7306,Sandy clay,6.4,1.86,0.18,50.9,0.25,29.9,poor,189
10.2006,9.5786,Loam,5.1,2.23,0.121,32.5,1.53,19.2,excessive,62
7.8831,9.4199,Silty clay,6.5,7.99,0.37,41.4,1.0,37.3,poor,196
6.4864,13.9477,Loam,6.4,5.2,0.06,54.9,1.32,31.0,excessive,166
9.4521,15.0988,Sandy loam,8.0,1.93,0.446,26.9,0.6,12.9,poor,51
8.0082,12.452,Sandy clay,7.4,3.79,0.396,78.1,0.47,7.9,good,92
5.8478,15.6867,Laterite,7.1,3.91,0.065,27.2,1.79,10.4,poor,144
9.1972,13.0982,Silty clay,5.2,4.93,0.374,9.4,1.61,21.1,excessive,134
4.4431,12.5445,Clay,4.2,6.81,0.496,55.8,0.7,36.2,excessive,176
5.4309,11.2112,Loam,7.7,5.15,0.202,38.2,1.39,27.8,excessive,69
5.9998,9.3958,Laterite,5.7,5.52,0.148,71.3,0.74,12.2,good,31
6.6227,10.2825,Loam,5.8,1.17,0.23,60.4,0.64,39.4,moderate,108
4.0318,11.0749,Sandy clay,6.0,6.83,0.229,60.2,0.13,5.9,good,60
2.4174,8.6737,Laterite,4.8,4.97,0.399,47.6,0.25,29.6,moderate,111
8.0825,10.8714,Sandy loam,4.7,1.11,0.257,68.1,0.29,8.7,poor,198
5.0193,11.3502,Sandy loam,8.0,4.55,0.417,21.9,1.83,31.0,excessive,199
5.6773,14.1578,Silty clay,7.5,3.2,0.419,38.4,1.52,15.3,good,133
9.599,15.0708,Clay,5.9,6.34,0.287,68.7,0.55,5.8,poor,43
9.3725,14.3282,Sandy clay,4.3,5.44,0.121,79.2,1.59,10.4,excessive,156
7.2252,14.4074,Sandy loam,6.1,7.84,0.228,71.5,0.28,24.2,moderate,48
12.948,13.5894,Sandy clay,4.6,5.45,0.224,57.8,0.77,22.3,good,45
4.3888,9.7073,Sandy loam,5.2,6.32,0.401,45.8,0.45,33.3,excessive,52
11.5364,9.2676,Silty clay,5.7,4.63,0.407,52.4,0.88,21.2,moderate,41
6.7192,9.4515,Sandy loam,7.1,0.98,0.349,16.5,0.9,9.2,good,189
8.5042,15.2598,Laterite,6.4,3.45,0.47,27.2,0.59,30.0,poor,181
12.5255,14.338,Sandy loam,5.5,2.56,0.242,60.6,0.63,34.4,excessive,79
9.0005,12.1231,Sandy loam,4.4,3.65,0.135,43.2,1.34,16.1,excessive,40
10.9417,15.0045,Sandy loam,4.9,0.71,0.102,39.0,1.38,25.9,good,77
8.4102,10.234,Loam,4.6,0.77,0.227,27.6,1.14,26.1,good,100
5.1681,12.6488,Sandy clay,6.4,7.1,0.09,33.8,0.7,13.9,good,170
6.6791,15.5689,Silty clay,7.4,4.42,0.212,37.4,0.58,28.0,poor,99
4.9058,9.3344,Sandy clay,5.3,4.15,0.37,41.5,0.17,29.7,excessive,36
10.5148,9.2733,Sandy clay,6.9,5.43,0.207,64.7,1.45,24.9,excessive,62
10.389,11.7699,Sandy loam,6.4,0.81,0.237,50.4,0.11,18.9,good,46
7.876,11.2787,Clay,5.4,6.94,0.483,12.2,1.83,18.3,excessive,135
4.6163,9.6224,Loam,7.0,5.93,0.065,77.0,0.24,22.4,poor,185
9.0985,15.1616,Clay,5.1,2.51,0.395,35.8,0.49,5.7,excessive,191
10.2041,8.6127,Clay,6.6,3.72,0.325,62.0,1.33,21.3,good,52
11.9825,8.5269,Sandy clay,4.2,4.15,0.139,37.3,0.65,13.1,moderate,198
12.1534,10.1248,Sandy loam,4.4,2.19,0.225,21.7,0.29,14.4,good,50
11.9711,14.1453,Loam,4.9,5.05,0.431,77.8,0.24,12.1,good,128
12.3781,15.1361,Sandy loam,5.2,1.98,0.411,12.9,1.28,36.8,good,39
3.9806,9.4388,Silty clay,6.6,5.11,0.052,32.1,1.86,13.0,poor,172
7.8163,11.1439,Loam,7.6,4.41,0.236,71.9,1.32,17.5,poor,118
12.9244,15.3686,Loam,5.1,0.75,0.078,16.6,1.5,18.2,poor,54
5.7312,12.6909,Loam,4.5,2.57,0.253,40.1,1.26,15.8,excessive,96
6.2053,8.9753,Loam,6.6,4.24,0.04,42.9,0.6,10.1,excessive,123
2.0561,15.8614,Sandy loam,7.8,6.69,0.124,70.2,1.8,7.9,poor,131
7.7365,9.3017,Clay,6.1,6.83,0.321,9.7,0.12,8.3,excessive,151
11.9961,15.8894,Clay,5.9,3.18,0.185,36.9,0.85,31.9,poor,102
7.8107,9.148,Clay,4.4,1.33,0.207,25.2,0.8,8.3,moderate,33
11.975,14.7119,Laterite,6.2,4.78,0.262,22.1,1.34,8.2,good,111
8.4293,11.8013,Loam,4.2,3.74,0.304,11.0,0.67,12.1,poor,168
2.2616,9.1131,Loam,4.8,5.0,0.473,54.3,1.96,38.9,poor,93
7.7264,10.1644,Silty clay,7.7,4.52,0.093,33.4,0.73,17.6,moderate,75
3.0923,11.9613,Clay,6.1,7.07,0.051,65.8,1.29,38.8,poor,83
11.112,11.8817,Silty clay,7.1,7.42,0.258,25.0,0.87,19.8,excessive,130
8.6172,11.6968,Sandy loam,6.4,0.75,0.201,55.1,0.31,12.5,poor,91
10.0403,13.4585,Silty clay,5.4,7.94,0.169,23.5,0.75,31.3,good,169
3.0162,10.6573,Silty clay,6.4,6.99,0.229,33.5,0.77,6.9,excessive,101
12.3201,8.8318,Laterite,6.2,6.45,0.431,18.8,0.16,31.9,poor,198
2.6754,11.7778,Sandy clay,5.4,1.51,0.275,16.3,1.36,32.9,poor,68
4.5437,14.051,Sandy clay,6.6,2.52,0.114,70.6,0.48,7.8,good,70
